// SPDX-License-Identifier: OFL-1.1
// Generated by scripts/generate_hk_glyph_font.py; do not edit.
// Source font: GNU Unifont 17.0.04 BDF
// Source SHA-256: 9a2de4826388242771121c7fe00e412523c318318b8ee38e6be6cd454e7ec802
// Raster: original 8x16 or 16x16 bitmap glyphs; no antialiasing
// Licence: third_party/fonts/unifont/OFL-1.1.txt
// Source notice: third_party/fonts/unifont/SOURCE.md

#include "HkGlyphFont.h"

const HkGlyph kUnifontGlyphs[] = {
    {0x0020, 8, {0x0000, 0x0000, 0x0000, 0x0000, 0x0000, 0x0000, 0x0000, 0x0000, 0x0000, 0x0000, 0x0000, 0x0000, 0x0000, 0x0000, 0x0000, 0x0000}},
    {0x0021, 8, {0x0000, 0x0000, 0x0000, 0x0000, 0x0800, 0x0800, 0x0800, 0x0800, 0x0800, 0x0800, 0x0800, 0x0000, 0x0800, 0x0800, 0x0000, 0x0000}},
    {0x0022, 8, {0x0000, 0x0000, 0x2200, 0x2200, 0x2200, 0x2200, 0x0000, 0x0000, 0x0000, 0x0000, 0x0000, 0x0000, 0x0000, 0x0000, 0x0000, 0x0000}},
    {0x0023, 8, {0x0000, 0x0000, 0x0000, 0x0000, 0x1200, 0x1200, 0x1200, 0x7E00, 0x2400, 0x2400, 0x7E00, 0x4800, 0x4800, 0x4800, 0x0000, 0x0000}},
    {0x0024, 8, {0x0000, 0x0000, 0x0000, 0x0000, 0x0800, 0x3E00, 0x4900, 0x4800, 0x3800, 0x0E00, 0x0900, 0x4900, 0x3E00, 0x0800, 0x0000, 0x0000}},
    {0x0025, 8, {0x0000, 0x0000, 0x0000, 0x0000, 0x3100, 0x4A00, 0x4A00, 0x3400, 0x0800, 0x0800, 0x1600, 0x2900, 0x2900, 0x4600, 0x0000, 0x0000}},
    {0x0026, 8, {0x0000, 0x0000, 0x0000, 0x0000, 0x1C00, 0x2200, 0x2200, 0x1400, 0x1800, 0x2900, 0x4500, 0x4200, 0x4600, 0x3900, 0x0000, 0x0000}},
    {0x0027, 8, {0x0000, 0x0000, 0x0800, 0x0800, 0x0800, 0x0800, 0x0000, 0x0000, 0x0000, 0x0000, 0x0000, 0x0000, 0x0000, 0x0000, 0x0000, 0x0000}},
    {0x0028, 8, {0x0000, 0x0000, 0x0000, 0x0400, 0x0800, 0x0800, 0x1000, 0x1000, 0x1000, 0x1000, 0x1000, 0x1000, 0x0800, 0x0800, 0x0400, 0x0000}},
    {0x0029, 8, {0x0000, 0x0000, 0x0000, 0x2000, 0x1000, 0x1000, 0x0800, 0x0800, 0x0800, 0x0800, 0x0800, 0x0800, 0x1000, 0x1000, 0x2000, 0x0000}},
    {0x002A, 8, {0x0000, 0x0000, 0x0000, 0x0000, 0x0000, 0x0000, 0x0800, 0x4900, 0x2A00, 0x1C00, 0x2A00, 0x4900, 0x0800, 0x0000, 0x0000, 0x0000}},
    {0x002B, 8, {0x0000, 0x0000, 0x0000, 0x0000, 0x0000, 0x0000, 0x0800, 0x0800, 0x0800, 0x7F00, 0x0800, 0x0800, 0x0800, 0x0000, 0x0000, 0x0000}},
    {0x002C, 8, {0x0000, 0x0000, 0x0000, 0x0000, 0x0000, 0x0000, 0x0000, 0x0000, 0x0000, 0x0000, 0x0000, 0x0000, 0x1800, 0x0800, 0x0800, 0x1000}},
    {0x002D, 8, {0x0000, 0x0000, 0x0000, 0x0000, 0x0000, 0x0000, 0x0000, 0x0000, 0x0000, 0x3C00, 0x0000, 0x0000, 0x0000, 0x0000, 0x0000, 0x0000}},
    {0x002E, 8, {0x0000, 0x0000, 0x0000, 0x0000, 0x0000, 0x0000, 0x0000, 0x0000, 0x0000, 0x0000, 0x0000, 0x0000, 0x1800, 0x1800, 0x0000, 0x0000}},
    {0x002F, 8, {0x0000, 0x0000, 0x0000, 0x0000, 0x0200, 0x0200, 0x0400, 0x0800, 0x0800, 0x1000, 0x1000, 0x2000, 0x4000, 0x4000, 0x0000, 0x0000}},
    {0x0030, 8, {0x0000, 0x0000, 0x0000, 0x0000, 0x1800, 0x2400, 0x4200, 0x4600, 0x4A00, 0x5200, 0x6200, 0x4200, 0x2400, 0x1800, 0x0000, 0x0000}},
    {0x0031, 8, {0x0000, 0x0000, 0x0000, 0x0000, 0x0800, 0x1800, 0x2800, 0x0800, 0x0800, 0x0800, 0x0800, 0x0800, 0x0800, 0x3E00, 0x0000, 0x0000}},
    {0x0032, 8, {0x0000, 0x0000, 0x0000, 0x0000, 0x3C00, 0x4200, 0x4200, 0x0200, 0x0C00, 0x1000, 0x2000, 0x4000, 0x4000, 0x7E00, 0x0000, 0x0000}},
    {0x0033, 8, {0x0000, 0x0000, 0x0000, 0x0000, 0x3C00, 0x4200, 0x4200, 0x0200, 0x1C00, 0x0200, 0x0200, 0x4200, 0x4200, 0x3C00, 0x0000, 0x0000}},
    {0x0034, 8, {0x0000, 0x0000, 0x0000, 0x0000, 0x0400, 0x0C00, 0x1400, 0x2400, 0x4400, 0x4400, 0x7E00, 0x0400, 0x0400, 0x0400, 0x0000, 0x0000}},
    {0x0035, 8, {0x0000, 0x0000, 0x0000, 0x0000, 0x7E00, 0x4000, 0x4000, 0x4000, 0x7C00, 0x0200, 0x0200, 0x0200, 0x4200, 0x3C00, 0x0000, 0x0000}},
    {0x0036, 8, {0x0000, 0x0000, 0x0000, 0x0000, 0x1C00, 0x2000, 0x4000, 0x4000, 0x7C00, 0x4200, 0x4200, 0x4200, 0x4200, 0x3C00, 0x0000, 0x0000}},
    {0x0037, 8, {0x0000, 0x0000, 0x0000, 0x0000, 0x7E00, 0x0200, 0x0200, 0x0400, 0x0400, 0x0400, 0x0800, 0x0800, 0x0800, 0x0800, 0x0000, 0x0000}},
    {0x0038, 8, {0x0000, 0x0000, 0x0000, 0x0000, 0x3C00, 0x4200, 0x4200, 0x4200, 0x3C00, 0x4200, 0x4200, 0x4200, 0x4200, 0x3C00, 0x0000, 0x0000}},
    {0x0039, 8, {0x0000, 0x0000, 0x0000, 0x0000, 0x3C00, 0x4200, 0x4200, 0x4200, 0x3E00, 0x0200, 0x0200, 0x0200, 0x0400, 0x3800, 0x0000, 0x0000}},
    {0x003A, 8, {0x0000, 0x0000, 0x0000, 0x0000, 0x0000, 0x0000, 0x1800, 0x1800, 0x0000, 0x0000, 0x0000, 0x1800, 0x1800, 0x0000, 0x0000, 0x0000}},
    {0x003B, 8, {0x0000, 0x0000, 0x0000, 0x0000, 0x0000, 0x0000, 0x1800, 0x1800, 0x0000, 0x0000, 0x0000, 0x1800, 0x0800, 0x0800, 0x1000, 0x0000}},
    {0x003C, 8, {0x0000, 0x0000, 0x0000, 0x0000, 0x0000, 0x0200, 0x0400, 0x0800, 0x1000, 0x2000, 0x1000, 0x0800, 0x0400, 0x0200, 0x0000, 0x0000}},
    {0x003D, 8, {0x0000, 0x0000, 0x0000, 0x0000, 0x0000, 0x0000, 0x0000, 0x7E00, 0x0000, 0x0000, 0x0000, 0x7E00, 0x0000, 0x0000, 0x0000, 0x0000}},
    {0x003E, 8, {0x0000, 0x0000, 0x0000, 0x0000, 0x0000, 0x4000, 0x2000, 0x1000, 0x0800, 0x0400, 0x0800, 0x1000, 0x2000, 0x4000, 0x0000, 0x0000}},
    {0x003F, 8, {0x0000, 0x0000, 0x0000, 0x0000, 0x3C00, 0x4200, 0x4200, 0x0200, 0x0400, 0x0800, 0x0800, 0x0000, 0x0800, 0x0800, 0x0000, 0x0000}},
    {0x0040, 8, {0x0000, 0x0000, 0x0000, 0x0000, 0x1C00, 0x2200, 0x4A00, 0x5600, 0x5200, 0x5200, 0x5200, 0x4E00, 0x2000, 0x1E00, 0x0000, 0x0000}},
    {0x0041, 8, {0x0000, 0x0000, 0x0000, 0x0000, 0x1800, 0x2400, 0x2400, 0x4200, 0x4200, 0x7E00, 0x4200, 0x4200, 0x4200, 0x4200, 0x0000, 0x0000}},
    {0x0042, 8, {0x0000, 0x0000, 0x0000, 0x0000, 0x7C00, 0x4200, 0x4200, 0x4200, 0x7C00, 0x4200, 0x4200, 0x4200, 0x4200, 0x7C00, 0x0000, 0x0000}},
    {0x0043, 8, {0x0000, 0x0000, 0x0000, 0x0000, 0x3C00, 0x4200, 0x4200, 0x4000, 0x4000, 0x4000, 0x4000, 0x4200, 0x4200, 0x3C00, 0x0000, 0x0000}},
    {0x0044, 8, {0x0000, 0x0000, 0x0000, 0x0000, 0x7800, 0x4400, 0x4200, 0x4200, 0x4200, 0x4200, 0x4200, 0x4200, 0x4400, 0x7800, 0x0000, 0x0000}},
    {0x0045, 8, {0x0000, 0x0000, 0x0000, 0x0000, 0x7E00, 0x4000, 0x4000, 0x4000, 0x7C00, 0x4000, 0x4000, 0x4000, 0x4000, 0x7E00, 0x0000, 0x0000}},
    {0x0046, 8, {0x0000, 0x0000, 0x0000, 0x0000, 0x7E00, 0x4000, 0x4000, 0x4000, 0x7C00, 0x4000, 0x4000, 0x4000, 0x4000, 0x4000, 0x0000, 0x0000}},
    {0x0047, 8, {0x0000, 0x0000, 0x0000, 0x0000, 0x3C00, 0x4200, 0x4200, 0x4000, 0x4000, 0x4E00, 0x4200, 0x4200, 0x4600, 0x3A00, 0x0000, 0x0000}},
    {0x0048, 8, {0x0000, 0x0000, 0x0000, 0x0000, 0x4200, 0x4200, 0x4200, 0x4200, 0x7E00, 0x4200, 0x4200, 0x4200, 0x4200, 0x4200, 0x0000, 0x0000}},
    {0x0049, 8, {0x0000, 0x0000, 0x0000, 0x0000, 0x3E00, 0x0800, 0x0800, 0x0800, 0x0800, 0x0800, 0x0800, 0x0800, 0x0800, 0x3E00, 0x0000, 0x0000}},
    {0x004A, 8, {0x0000, 0x0000, 0x0000, 0x0000, 0x1F00, 0x0400, 0x0400, 0x0400, 0x0400, 0x0400, 0x0400, 0x4400, 0x4400, 0x3800, 0x0000, 0x0000}},
    {0x004B, 8, {0x0000, 0x0000, 0x0000, 0x0000, 0x4200, 0x4400, 0x4800, 0x5000, 0x6000, 0x6000, 0x5000, 0x4800, 0x4400, 0x4200, 0x0000, 0x0000}},
    {0x004C, 8, {0x0000, 0x0000, 0x0000, 0x0000, 0x4000, 0x4000, 0x4000, 0x4000, 0x4000, 0x4000, 0x4000, 0x4000, 0x4000, 0x7E00, 0x0000, 0x0000}},
    {0x004D, 8, {0x0000, 0x0000, 0x0000, 0x0000, 0x4200, 0x4200, 0x6600, 0x6600, 0x5A00, 0x5A00, 0x4200, 0x4200, 0x4200, 0x4200, 0x0000, 0x0000}},
    {0x004E, 8, {0x0000, 0x0000, 0x0000, 0x0000, 0x4200, 0x6200, 0x6200, 0x5200, 0x5200, 0x4A00, 0x4A00, 0x4600, 0x4600, 0x4200, 0x0000, 0x0000}},
    {0x004F, 8, {0x0000, 0x0000, 0x0000, 0x0000, 0x3C00, 0x4200, 0x4200, 0x4200, 0x4200, 0x4200, 0x4200, 0x4200, 0x4200, 0x3C00, 0x0000, 0x0000}},
    {0x0050, 8, {0x0000, 0x0000, 0x0000, 0x0000, 0x7C00, 0x4200, 0x4200, 0x4200, 0x7C00, 0x4000, 0x4000, 0x4000, 0x4000, 0x4000, 0x0000, 0x0000}},
    {0x0051, 8, {0x0000, 0x0000, 0x0000, 0x0000, 0x3C00, 0x4200, 0x4200, 0x4200, 0x4200, 0x4200, 0x4200, 0x5A00, 0x6600, 0x3C00, 0x0300, 0x0000}},
    {0x0052, 8, {0x0000, 0x0000, 0x0000, 0x0000, 0x7C00, 0x4200, 0x4200, 0x4200, 0x7C00, 0x4800, 0x4400, 0x4400, 0x4200, 0x4200, 0x0000, 0x0000}},
    {0x0053, 8, {0x0000, 0x0000, 0x0000, 0x0000, 0x3C00, 0x4200, 0x4200, 0x4000, 0x3000, 0x0C00, 0x0200, 0x4200, 0x4200, 0x3C00, 0x0000, 0x0000}},
    {0x0054, 8, {0x0000, 0x0000, 0x0000, 0x0000, 0x7F00, 0x0800, 0x0800, 0x0800, 0x0800, 0x0800, 0x0800, 0x0800, 0x0800, 0x0800, 0x0000, 0x0000}},
    {0x0055, 8, {0x0000, 0x0000, 0x0000, 0x0000, 0x4200, 0x4200, 0x4200, 0x4200, 0x4200, 0x4200, 0x4200, 0x4200, 0x4200, 0x3C00, 0x0000, 0x0000}},
    {0x0056, 8, {0x0000, 0x0000, 0x0000, 0x0000, 0x4100, 0x4100, 0x4100, 0x2200, 0x2200, 0x2200, 0x1400, 0x1400, 0x0800, 0x0800, 0x0000, 0x0000}},
    {0x0057, 8, {0x0000, 0x0000, 0x0000, 0x0000, 0x4200, 0x4200, 0x4200, 0x4200, 0x5A00, 0x5A00, 0x6600, 0x6600, 0x4200, 0x4200, 0x0000, 0x0000}},
    {0x0058, 8, {0x0000, 0x0000, 0x0000, 0x0000, 0x4200, 0x4200, 0x2400, 0x2400, 0x1800, 0x1800, 0x2400, 0x2400, 0x4200, 0x4200, 0x0000, 0x0000}},
    {0x0059, 8, {0x0000, 0x0000, 0x0000, 0x0000, 0x4100, 0x4100, 0x2200, 0x2200, 0x1400, 0x0800, 0x0800, 0x0800, 0x0800, 0x0800, 0x0000, 0x0000}},
    {0x005A, 8, {0x0000, 0x0000, 0x0000, 0x0000, 0x7E00, 0x0200, 0x0200, 0x0400, 0x0800, 0x1000, 0x2000, 0x4000, 0x4000, 0x7E00, 0x0000, 0x0000}},
    {0x005B, 8, {0x0000, 0x0000, 0x0000, 0x0E00, 0x0800, 0x0800, 0x0800, 0x0800, 0x0800, 0x0800, 0x0800, 0x0800, 0x0800, 0x0800, 0x0E00, 0x0000}},
    {0x005C, 8, {0x0000, 0x0000, 0x0000, 0x0000, 0x4000, 0x4000, 0x2000, 0x1000, 0x1000, 0x0800, 0x0800, 0x0400, 0x0200, 0x0200, 0x0000, 0x0000}},
    {0x005D, 8, {0x0000, 0x0000, 0x0000, 0x7000, 0x1000, 0x1000, 0x1000, 0x1000, 0x1000, 0x1000, 0x1000, 0x1000, 0x1000, 0x1000, 0x7000, 0x0000}},
    {0x005E, 8, {0x0000, 0x0000, 0x1800, 0x2400, 0x4200, 0x0000, 0x0000, 0x0000, 0x0000, 0x0000, 0x0000, 0x0000, 0x0000, 0x0000, 0x0000, 0x0000}},
    {0x005F, 8, {0x0000, 0x0000, 0x0000, 0x0000, 0x0000, 0x0000, 0x0000, 0x0000, 0x0000, 0x0000, 0x0000, 0x0000, 0x0000, 0x0000, 0x7F00, 0x0000}},
    {0x0060, 8, {0x0000, 0x2000, 0x1000, 0x0800, 0x0000, 0x0000, 0x0000, 0x0000, 0x0000, 0x0000, 0x0000, 0x0000, 0x0000, 0x0000, 0x0000, 0x0000}},
    {0x0061, 8, {0x0000, 0x0000, 0x0000, 0x0000, 0x0000, 0x0000, 0x3C00, 0x4200, 0x0200, 0x3E00, 0x4200, 0x4200, 0x4600, 0x3A00, 0x0000, 0x0000}},
    {0x0062, 8, {0x0000, 0x0000, 0x0000, 0x4000, 0x4000, 0x4000, 0x5C00, 0x6200, 0x4200, 0x4200, 0x4200, 0x4200, 0x6200, 0x5C00, 0x0000, 0x0000}},
    {0x0063, 8, {0x0000, 0x0000, 0x0000, 0x0000, 0x0000, 0x0000, 0x3C00, 0x4200, 0x4000, 0x4000, 0x4000, 0x4000, 0x4200, 0x3C00, 0x0000, 0x0000}},
    {0x0064, 8, {0x0000, 0x0000, 0x0000, 0x0200, 0x0200, 0x0200, 0x3A00, 0x4600, 0x4200, 0x4200, 0x4200, 0x4200, 0x4600, 0x3A00, 0x0000, 0x0000}},
    {0x0065, 8, {0x0000, 0x0000, 0x0000, 0x0000, 0x0000, 0x0000, 0x3C00, 0x4200, 0x4200, 0x7E00, 0x4000, 0x4000, 0x4200, 0x3C00, 0x0000, 0x0000}},
    {0x0066, 8, {0x0000, 0x0000, 0x0000, 0x0C00, 0x1000, 0x1000, 0x1000, 0x7C00, 0x1000, 0x1000, 0x1000, 0x1000, 0x1000, 0x1000, 0x0000, 0x0000}},
    {0x0067, 8, {0x0000, 0x0000, 0x0000, 0x0000, 0x0000, 0x0200, 0x3A00, 0x4400, 0x4400, 0x4400, 0x3800, 0x2000, 0x3C00, 0x4200, 0x4200, 0x3C00}},
    {0x0068, 8, {0x0000, 0x0000, 0x0000, 0x4000, 0x4000, 0x4000, 0x5C00, 0x6200, 0x4200, 0x4200, 0x4200, 0x4200, 0x4200, 0x4200, 0x0000, 0x0000}},
    {0x0069, 8, {0x0000, 0x0000, 0x0000, 0x0800, 0x0800, 0x0000, 0x1800, 0x0800, 0x0800, 0x0800, 0x0800, 0x0800, 0x0800, 0x3E00, 0x0000, 0x0000}},
    {0x006A, 8, {0x0000, 0x0000, 0x0000, 0x0400, 0x0400, 0x0000, 0x0C00, 0x0400, 0x0400, 0x0400, 0x0400, 0x0400, 0x0400, 0x0400, 0x4800, 0x3000}},
    {0x006B, 8, {0x0000, 0x0000, 0x0000, 0x4000, 0x4000, 0x4000, 0x4400, 0x4800, 0x5000, 0x6000, 0x5000, 0x4800, 0x4400, 0x4200, 0x0000, 0x0000}},
    {0x006C, 8, {0x0000, 0x0000, 0x0000, 0x1800, 0x0800, 0x0800, 0x0800, 0x0800, 0x0800, 0x0800, 0x0800, 0x0800, 0x0800, 0x3E00, 0x0000, 0x0000}},
    {0x006D, 8, {0x0000, 0x0000, 0x0000, 0x0000, 0x0000, 0x0000, 0x7600, 0x4900, 0x4900, 0x4900, 0x4900, 0x4900, 0x4900, 0x4900, 0x0000, 0x0000}},
    {0x006E, 8, {0x0000, 0x0000, 0x0000, 0x0000, 0x0000, 0x0000, 0x5C00, 0x6200, 0x4200, 0x4200, 0x4200, 0x4200, 0x4200, 0x4200, 0x0000, 0x0000}},
    {0x006F, 8, {0x0000, 0x0000, 0x0000, 0x0000, 0x0000, 0x0000, 0x3C00, 0x4200, 0x4200, 0x4200, 0x4200, 0x4200, 0x4200, 0x3C00, 0x0000, 0x0000}},
    {0x0070, 8, {0x0000, 0x0000, 0x0000, 0x0000, 0x0000, 0x0000, 0x5C00, 0x6200, 0x4200, 0x4200, 0x4200, 0x4200, 0x6200, 0x5C00, 0x4000, 0x4000}},
    {0x0071, 8, {0x0000, 0x0000, 0x0000, 0x0000, 0x0000, 0x0000, 0x3A00, 0x4600, 0x4200, 0x4200, 0x4200, 0x4200, 0x4600, 0x3A00, 0x0200, 0x0200}},
    {0x0072, 8, {0x0000, 0x0000, 0x0000, 0x0000, 0x0000, 0x0000, 0x5C00, 0x6200, 0x4200, 0x4000, 0x4000, 0x4000, 0x4000, 0x4000, 0x0000, 0x0000}},
    {0x0073, 8, {0x0000, 0x0000, 0x0000, 0x0000, 0x0000, 0x0000, 0x3C00, 0x4200, 0x4000, 0x3000, 0x0C00, 0x0200, 0x4200, 0x3C00, 0x0000, 0x0000}},
    {0x0074, 8, {0x0000, 0x0000, 0x0000, 0x0000, 0x1000, 0x1000, 0x1000, 0x7C00, 0x1000, 0x1000, 0x1000, 0x1000, 0x1000, 0x0C00, 0x0000, 0x0000}},
    {0x0075, 8, {0x0000, 0x0000, 0x0000, 0x0000, 0x0000, 0x0000, 0x4200, 0x4200, 0x4200, 0x4200, 0x4200, 0x4200, 0x4600, 0x3A00, 0x0000, 0x0000}},
    {0x0076, 8, {0x0000, 0x0000, 0x0000, 0x0000, 0x0000, 0x0000, 0x4200, 0x4200, 0x4200, 0x2400, 0x2400, 0x2400, 0x1800, 0x1800, 0x0000, 0x0000}},
    {0x0077, 8, {0x0000, 0x0000, 0x0000, 0x0000, 0x0000, 0x0000, 0x4100, 0x4900, 0x4900, 0x4900, 0x4900, 0x4900, 0x4900, 0x3600, 0x0000, 0x0000}},
    {0x0078, 8, {0x0000, 0x0000, 0x0000, 0x0000, 0x0000, 0x0000, 0x4200, 0x4200, 0x2400, 0x1800, 0x1800, 0x2400, 0x4200, 0x4200, 0x0000, 0x0000}},
    {0x0079, 8, {0x0000, 0x0000, 0x0000, 0x0000, 0x0000, 0x0000, 0x4200, 0x4200, 0x4200, 0x4200, 0x4200, 0x2600, 0x1A00, 0x0200, 0x0200, 0x3C00}},
    {0x007A, 8, {0x0000, 0x0000, 0x0000, 0x0000, 0x0000, 0x0000, 0x7E00, 0x0200, 0x0400, 0x0800, 0x1000, 0x2000, 0x4000, 0x7E00, 0x0000, 0x0000}},
    {0x007B, 8, {0x0000, 0x0000, 0x0000, 0x0C00, 0x1000, 0x1000, 0x0800, 0x0800, 0x1000, 0x2000, 0x1000, 0x0800, 0x0800, 0x1000, 0x1000, 0x0C00}},
    {0x007C, 8, {0x0000, 0x0000, 0x0800, 0x0800, 0x0800, 0x0800, 0x0800, 0x0800, 0x0800, 0x0800, 0x0800, 0x0800, 0x0800, 0x0800, 0x0800, 0x0800}},
    {0x007D, 8, {0x0000, 0x0000, 0x0000, 0x3000, 0x0800, 0x0800, 0x1000, 0x1000, 0x0800, 0x0400, 0x0800, 0x1000, 0x1000, 0x0800, 0x0800, 0x3000}},
    {0x007E, 8, {0x0000, 0x0000, 0x0000, 0x3100, 0x4900, 0x4600, 0x0000, 0x0000, 0x0000, 0x0000, 0x0000, 0x0000, 0x0000, 0x0000, 0x0000, 0x0000}},
    {0x00B0, 8, {0x0000, 0x0000, 0x0000, 0x0000, 0x1800, 0x2400, 0x2400, 0x1800, 0x0000, 0x0000, 0x0000, 0x0000, 0x0000, 0x0000, 0x0000, 0x0000}},
    {0x00B7, 8, {0x0000, 0x0000, 0x0000, 0x0000, 0x0000, 0x0000, 0x0000, 0x0000, 0x1800, 0x1800, 0x0000, 0x0000, 0x0000, 0x0000, 0x0000, 0x0000}},
    {0x2013, 8, {0x0000, 0x0000, 0x0000, 0x0000, 0x0000, 0x0000, 0x0000, 0x0000, 0x0000, 0x7E00, 0x0000, 0x0000, 0x0000, 0x0000, 0x0000, 0x0000}},
    {0x2026, 8, {0x0000, 0x0000, 0x0000, 0x0000, 0x0000, 0x0000, 0x0000, 0x0000, 0x0000, 0x0000, 0x0000, 0x0000, 0x4900, 0x4900, 0x0000, 0x0000}},
    {0x2027, 8, {0x0000, 0x0000, 0x0000, 0x0000, 0x0000, 0x0000, 0x0000, 0x0000, 0x0000, 0x1800, 0x1800, 0x0000, 0x0000, 0x0000, 0x0000, 0x0000}},
    {0x2192, 8, {0x0000, 0x0000, 0x0000, 0x0000, 0x0000, 0x0000, 0x0000, 0x0800, 0x0400, 0xFE00, 0x0400, 0x0800, 0x0000, 0x0000, 0x0000, 0x0000}},
    {0x3000, 16, {0x0000, 0x0000, 0x0000, 0x0000, 0x0000, 0x0000, 0x0000, 0x0000, 0x0000, 0x0000, 0x0000, 0x0000, 0x0000, 0x0000, 0x0000, 0x0000}},
    {0x3001, 16, {0x0000, 0x0000, 0x0000, 0x0000, 0x0000, 0x0000, 0x0000, 0x0000, 0x0000, 0x0000, 0x1000, 0x0C00, 0x0600, 0x0200, 0x0000, 0x0000}},
    {0x3002, 16, {0x0000, 0x0000, 0x0000, 0x0000, 0x0000, 0x0000, 0x0000, 0x0000, 0x0000, 0x0000, 0x0C00, 0x1200, 0x1200, 0x0C00, 0x0000, 0x0000}},
    {0x300C, 16, {0x00F8, 0x0080, 0x0080, 0x0080, 0x0080, 0x0080, 0x0080, 0x0080, 0x0080, 0x0080, 0x0080, 0x0000, 0x0000, 0x0000, 0x0000, 0x0000}},
    {0x300D, 16, {0x0000, 0x0000, 0x0000, 0x0000, 0x0100, 0x0100, 0x0100, 0x0100, 0x0100, 0x0100, 0x0100, 0x0100, 0x0100, 0x0100, 0x1F00, 0x0000}},
    {0x30FB, 16, {0x0000, 0x0000, 0x0000, 0x0000, 0x0000, 0x0000, 0x0300, 0x0780, 0x0780, 0x0300, 0x0000, 0x0000, 0x0000, 0x0000, 0x0000, 0x0000}},
    {0x40DF, 16, {0x0288, 0x0288, 0xF7C8, 0x2290, 0x229E, 0x4FD4, 0x7024, 0xD7D4, 0x5454, 0x57D4, 0x5454, 0x57C8, 0x7448, 0x5454, 0x0464, 0x04C2}},
    {0x4E00, 16, {0x0000, 0x0000, 0x0000, 0x0000, 0x0000, 0x0000, 0x0000, 0xFFFE, 0x0000, 0x0000, 0x0000, 0x0000, 0x0000, 0x0000, 0x0000, 0x0000}},
    {0x4E01, 16, {0x0000, 0x7FFC, 0x0100, 0x0100, 0x0100, 0x0100, 0x0100, 0x0100, 0x0100, 0x0100, 0x0100, 0x0100, 0x0100, 0x0100, 0x0500, 0x0200}},
    {0x4E03, 16, {0x0200, 0x0200, 0x0200, 0x0200, 0x0200, 0x023C, 0x07C0, 0xFA00, 0x0200, 0x0200, 0x0200, 0x0204, 0x0204, 0x0204, 0x01FC, 0x0000}},
    {0x4E09, 16, {0x0000, 0x0000, 0x7FFC, 0x0000, 0x0000, 0x0000, 0x0000, 0x3FF8, 0x0000, 0x0000, 0x0000, 0x0000, 0x0000, 0xFFFE, 0x0000, 0x0000}},
    {0x4E0A, 16, {0x0200, 0x0200, 0x0200, 0x0200, 0x0200, 0x0200, 0x03F8, 0x0200, 0x0200, 0x0200, 0x0200, 0x0200, 0x0200, 0x0200, 0xFFFE, 0x0000}},
    {0x4E0B, 16, {0x0000, 0xFFFE, 0x0200, 0x0200, 0x0200, 0x0200, 0x0240, 0x0220, 0x0210, 0x0208, 0x0208, 0x0200, 0x0200, 0x0200, 0x0200, 0x0200}},
    {0x4E0D, 16, {0x0000, 0x7FFC, 0x0080, 0x0080, 0x0100, 0x0100, 0x0340, 0x0520, 0x0910, 0x1108, 0x2104, 0x4104, 0x8100, 0x0100, 0x0100, 0x0100}},
    {0x4E16, 16, {0x0220, 0x1220, 0x1220, 0x1220, 0x1220, 0xFFFE, 0x1220, 0x1220, 0x1220, 0x1220, 0x13E0, 0x1000, 0x1000, 0x1000, 0x1FFC, 0x0000}},
    {0x4E19, 16, {0x0000, 0xFFFE, 0x0100, 0x0100, 0x0100, 0x7FFC, 0x4104, 0x4104, 0x4284, 0x4244, 0x4424, 0x4824, 0x4004, 0x4004, 0x4014, 0x4008}},
    {0x4E26, 16, {0x1010, 0x0820, 0x0440, 0x7FFC, 0x0440, 0x0440, 0x0440, 0x4444, 0x2444, 0x1448, 0x1450, 0x0440, 0x0440, 0x0440, 0xFFFE, 0x0000}},
    {0x4E2D, 16, {0x0100, 0x0100, 0x0100, 0x0100, 0x3FF8, 0x2108, 0x2108, 0x2108, 0x2108, 0x2108, 0x3FF8, 0x2108, 0x0100, 0x0100, 0x0100, 0x0100}},
    {0x4E39, 16, {0x0000, 0x1FF0, 0x1010, 0x1010, 0x1210, 0x1110, 0x1110, 0x1010, 0xFFFE, 0x1010, 0x1010, 0x1010, 0x2010, 0x2010, 0x4050, 0x8020}},
    {0x4E3B, 16, {0x0200, 0x0100, 0x0000, 0x7FFC, 0x0100, 0x0100, 0x0100, 0x0100, 0x3FF8, 0x0100, 0x0100, 0x0100, 0x0100, 0x0100, 0xFFFE, 0x0000}},
    {0x4E4B, 16, {0x0200, 0x0100, 0x0100, 0x0000, 0x7FF8, 0x0010, 0x0020, 0x0040, 0x0080, 0x0100, 0x0200, 0x0400, 0x1800, 0x2400, 0x43FE, 0x0000}},
    {0x4E4D, 16, {0x0800, 0x0800, 0x0FFE, 0x1200, 0x1200, 0x2200, 0x43F8, 0x8200, 0x0200, 0x0200, 0x03FC, 0x0200, 0x0200, 0x0200, 0x0200, 0x0200}},
    {0x4E59, 16, {0x0000, 0x7FF0, 0x0020, 0x0040, 0x0080, 0x0100, 0x0200, 0x0400, 0x0800, 0x1000, 0x1000, 0x2004, 0x2004, 0x2004, 0x1FFC, 0x0000}},
    {0x4E5D, 16, {0x0400, 0x0400, 0x0400, 0x0400, 0x7FE0, 0x0420, 0x0420, 0x0420, 0x0820, 0x0820, 0x0820, 0x1022, 0x1022, 0x2022, 0x401E, 0x8000}},
    {0x4E6A, 16, {0x0000, 0xFDFC, 0x0524, 0x0524, 0x0924, 0x0924, 0x11FC, 0x1124, 0x2124, 0x2124, 0x4124, 0x41FC, 0x4002, 0x4002, 0x3FFE, 0x0000}},
    {0x4E7E, 16, {0x1040, 0x1040, 0x1080, 0xFEFE, 0x1100, 0x7E00, 0x44FC, 0x7C08, 0x4410, 0x7C20, 0x1040, 0xFE80, 0x1102, 0x1102, 0x10FE, 0x1000}},
    {0x4E8B, 16, {0x0100, 0x0100, 0xFFFE, 0x0100, 0x3FF8, 0x2108, 0x3FF8, 0x0100, 0x3FF8, 0x0108, 0xFFFE, 0x0108, 0x3FF8, 0x0100, 0x0500, 0x0200}},
    {0x4E8C, 16, {0x0000, 0x0000, 0x0000, 0x3FF8, 0x0000, 0x0000, 0x0000, 0x0000, 0x0000, 0x0000, 0x0000, 0x0000, 0xFFFE, 0x0000, 0x0000, 0x0000}},
    {0x4E94, 16, {0x0000, 0x7FFC, 0x0200, 0x0200, 0x0200, 0x0200, 0x3FF0, 0x0410, 0x0410, 0x0410, 0x0410, 0x0810, 0x0810, 0x0810, 0xFFFE, 0x0000}},
    {0x4E95, 16, {0x0820, 0x0820, 0x0820, 0x0820, 0x7FFC, 0x0820, 0x0820, 0x0820, 0x0820, 0xFFFE, 0x0820, 0x0820, 0x1020, 0x1020, 0x2020, 0x4020}},
    {0x4E9E, 16, {0x0000, 0x7FFC, 0x0440, 0x0440, 0x0440, 0x3C78, 0x2008, 0x2008, 0x2008, 0x2008, 0x3C78, 0x0440, 0x0440, 0x0440, 0xFFFE, 0x0000}},
    {0x4EA4, 16, {0x0200, 0x0100, 0x0100, 0xFFFE, 0x0000, 0x1010, 0x1008, 0x2024, 0x4824, 0x0440, 0x0280, 0x0100, 0x0280, 0x0C40, 0x3030, 0xC00E}},
    {0x4EA6, 16, {0x0200, 0x0100, 0x0100, 0xFFFE, 0x0440, 0x0440, 0x2450, 0x2448, 0x2448, 0x4444, 0x4444, 0x8844, 0x0840, 0x1040, 0x2140, 0x4080}},
    {0x4EA8, 16, {0x0200, 0x0100, 0xFFFE, 0x0000, 0x1FF0, 0x1010, 0x1010, 0x1FF0, 0x0000, 0x3FF0, 0x0060, 0x0180, 0x0100, 0x0100, 0x0500, 0x0200}},
    {0x4EAC, 16, {0x0200, 0x0100, 0xFFFE, 0x0000, 0x0000, 0x1FF0, 0x1010, 0x1010, 0x1010, 0x1FF0, 0x0100, 0x1110, 0x1108, 0x2104, 0x4504, 0x0200}},
    {0x4EAD, 16, {0x0200, 0x0100, 0x7FFC, 0x0000, 0x1FF0, 0x1010, 0x1FF0, 0x0000, 0x7FFE, 0x4002, 0x9FF4, 0x0100, 0x0100, 0x0100, 0x0500, 0x0200}},
    {0x4EAE, 16, {0x0200, 0x0100, 0x7FFC, 0x0000, 0x0FE0, 0x0820, 0x0FE0, 0x0000, 0x7FFE, 0x4002, 0x87C4, 0x0440, 0x0440, 0x0842, 0x3042, 0xC03E}},
    {0x4EBA, 16, {0x0100, 0x0100, 0x0100, 0x0100, 0x0100, 0x0100, 0x0280, 0x0280, 0x0440, 0x0440, 0x0820, 0x0820, 0x1010, 0x2008, 0x4004, 0x8002}},
    {0x4EC1, 16, {0x0800, 0x0800, 0x0800, 0x13FC, 0x1000, 0x3000, 0x3000, 0x5000, 0x9000, 0x1000, 0x1000, 0x1000, 0x17FE, 0x1000, 0x1000, 0x1000}},
    {0x4ECA, 16, {0x0100, 0x0100, 0x0280, 0x0440, 0x0820, 0x1210, 0x2108, 0xC106, 0x0000, 0x1FF0, 0x0010, 0x0020, 0x0020, 0x0040, 0x0080, 0x0100}},
    {0x4ECB, 16, {0x0100, 0x0100, 0x0280, 0x0440, 0x0820, 0x1010, 0x2008, 0xC826, 0x0820, 0x0820, 0x0820, 0x0820, 0x1020, 0x1020, 0x2020, 0x4020}},
    {0x4ECD, 16, {0x0800, 0x0800, 0x0BF8, 0x1088, 0x1090, 0x3090, 0x30A0, 0x50BC, 0x9084, 0x1084, 0x1104, 0x1104, 0x1104, 0x1204, 0x1228, 0x1410}},
    {0x4ED4, 16, {0x0800, 0x0BF8, 0x0808, 0x1010, 0x1020, 0x3040, 0x3040, 0x57FE, 0x9040, 0x1040, 0x1040, 0x1040, 0x1040, 0x1040, 0x1140, 0x1080}},
    {0x4ED6, 16, {0x0840, 0x0840, 0x0A40, 0x1258, 0x1268, 0x32C8, 0x3348, 0x5E48, 0x9248, 0x1248, 0x1258, 0x1242, 0x1202, 0x1202, 0x11FE, 0x1000}},
    {0x4ED9, 16, {0x1040, 0x1040, 0x1040, 0x2040, 0x2444, 0x6444, 0x6444, 0xA444, 0x2444, 0x2444, 0x2444, 0x2444, 0x2444, 0x27FC, 0x2004, 0x2000}},
    {0x4EE3, 16, {0x0890, 0x0888, 0x0888, 0x1080, 0x10BE, 0x37C0, 0x3080, 0x5040, 0x9040, 0x1040, 0x1020, 0x1022, 0x1012, 0x100A, 0x1006, 0x1002}},
    {0x4EE5, 16, {0x0010, 0x0410, 0x2210, 0x2110, 0x2110, 0x2010, 0x2010, 0x2020, 0x2020, 0x2020, 0x2440, 0x2850, 0x3088, 0x2104, 0x0202, 0x0402}},
    {0x4EF2, 16, {0x0840, 0x0840, 0x0840, 0x1040, 0x17FC, 0x3444, 0x3444, 0x5444, 0x9444, 0x1444, 0x17FC, 0x1444, 0x1040, 0x1040, 0x1040, 0x1040}},
    {0x4EF6, 16, {0x0820, 0x0820, 0x0920, 0x1120, 0x11FC, 0x3220, 0x3220, 0x5420, 0x9020, 0x17FE, 0x1020, 0x1020, 0x1020, 0x1020, 0x1020, 0x1020}},
    {0x4EFD, 16, {0x0810, 0x0890, 0x0890, 0x1088, 0x1108, 0x3104, 0x3204, 0x55FA, 0x9088, 0x1088, 0x1088, 0x1088, 0x1108, 0x1108, 0x1228, 0x1410}},
    {0x4F01, 16, {0x0100, 0x0100, 0x0280, 0x0440, 0x0820, 0x3118, 0xC106, 0x0100, 0x1100, 0x11F8, 0x1100, 0x1100, 0x1100, 0x1100, 0xFFFE, 0x0000}},
    {0x4F0A, 16, {0x0800, 0x0BF8, 0x0888, 0x1088, 0x1088, 0x37FE, 0x3088, 0x5088, 0x9088, 0x13F8, 0x1088, 0x1080, 0x1100, 0x1100, 0x1200, 0x1400}},
    {0x4F0D, 16, {0x0800, 0x0BFC, 0x0840, 0x1040, 0x1040, 0x3040, 0x33F8, 0x5088, 0x9088, 0x1088, 0x1088, 0x1108, 0x1108, 0x1108, 0x17FE, 0x1000}},
    {0x4F11, 16, {0x0840, 0x0840, 0x0840, 0x1040, 0x17FE, 0x3040, 0x30E0, 0x50E0, 0x9150, 0x1150, 0x1248, 0x1444, 0x1842, 0x1040, 0x1040, 0x1040}},
    {0x4F2F, 16, {0x0840, 0x0840, 0x0880, 0x13FC, 0x1204, 0x3204, 0x3204, 0x5204, 0x93FC, 0x1204, 0x1204, 0x1204, 0x1204, 0x1204, 0x13FC, 0x1204}},
    {0x4F30, 16, {0x0840, 0x0840, 0x0840, 0x1040, 0x17FE, 0x3040, 0x3040, 0x5040, 0x93F8, 0x1208, 0x1208, 0x1208, 0x1208, 0x1208, 0x13F8, 0x1208}},
    {0x4F4D, 16, {0x0880, 0x0840, 0x0840, 0x1000, 0x17FC, 0x3000, 0x3008, 0x5208, 0x9208, 0x1110, 0x1110, 0x1110, 0x1120, 0x1020, 0x1FFE, 0x1000}},
    {0x4F4E, 16, {0x0808, 0x083C, 0x0BE0, 0x1220, 0x1220, 0x3220, 0x3220, 0x53FE, 0x9220, 0x1210, 0x1210, 0x1212, 0x120A, 0x128A, 0x1326, 0x1212}},
    {0x4F50, 16, {0x0880, 0x0880, 0x0880, 0x1080, 0x17FE, 0x3080, 0x3100, 0x5100, 0x91FC, 0x1220, 0x1220, 0x1420, 0x1420, 0x1820, 0x13FE, 0x1000}},
    {0x4F51, 16, {0x0840, 0x0840, 0x0840, 0x1040, 0x17FE, 0x3080, 0x3080, 0x5100, 0x93FC, 0x1504, 0x1904, 0x1104, 0x1104, 0x1104, 0x11FC, 0x1104}},
    {0x4F55, 16, {0x0800, 0x0800, 0x17FE, 0x1008, 0x2008, 0x33C8, 0x5248, 0x9248, 0x1248, 0x1248, 0x13C8, 0x1248, 0x1008, 0x1008, 0x1028, 0x1010}},
    {0x4F5B, 16, {0x1120, 0x1120, 0x1120, 0x2FFC, 0x2124, 0x6124, 0x67FC, 0xA520, 0x2920, 0x2FFE, 0x2122, 0x2122, 0x222A, 0x2224, 0x2420, 0x2820}},
    {0x4F5C, 16, {0x0900, 0x0900, 0x0900, 0x11FE, 0x1280, 0x3280, 0x3480, 0x50F8, 0x9080, 0x1080, 0x1080, 0x10FC, 0x1080, 0x1080, 0x1080, 0x1080}},
    {0x4F6C, 16, {0x0840, 0x0840, 0x0844, 0x13F4, 0x1048, 0x3050, 0x37FE, 0x5040, 0x9080, 0x1184, 0x1298, 0x14E0, 0x1882, 0x1082, 0x107E, 0x1000}},
    {0x4F73, 16, {0x0840, 0x0840, 0x0BFC, 0x1040, 0x1040, 0x3040, 0x3FFE, 0x5000, 0x9040, 0x1040, 0x13FC, 0x1040, 0x1040, 0x1040, 0x1FFE, 0x1000}},
    {0x4F7F, 16, {0x1040, 0x1040, 0x1FFE, 0x2040, 0x2040, 0x67FC, 0x6444, 0xA444, 0x27FC, 0x2040, 0x2240, 0x2140, 0x2080, 0x2140, 0x2230, 0x2C0E}},
    {0x4F86, 16, {0x0100, 0x0100, 0x0100, 0x7FFC, 0x0100, 0x1110, 0x1110, 0x2928, 0x4544, 0x0380, 0x0540, 0x0920, 0x3118, 0xC106, 0x0100, 0x0100}},
    {0x4F8B, 16, {0x1004, 0x1004, 0x17C4, 0x2214, 0x2214, 0x63D4, 0x6254, 0xA454, 0x2654, 0x2554, 0x2894, 0x2094, 0x2104, 0x2204, 0x2414, 0x2808}},
    {0x4F9B, 16, {0x0910, 0x0910, 0x0910, 0x1110, 0x13FC, 0x3110, 0x3110, 0x5110, 0x9110, 0x17FE, 0x1000, 0x1110, 0x1108, 0x1208, 0x1404, 0x1804}},
    {0x4FAF, 16, {0x0800, 0x0BF8, 0x0808, 0x1008, 0x17FE, 0x3100, 0x3100, 0x53F8, 0x9440, 0x1040, 0x1FFE, 0x1040, 0x10A0, 0x1110, 0x1208, 0x1C06}},
    {0x4FC3, 16, {0x0800, 0x0BF8, 0x0A08, 0x1208, 0x1208, 0x3208, 0x33F8, 0x5040, 0x9040, 0x1240, 0x127C, 0x1240, 0x1240, 0x1540, 0x18FE, 0x1000}},
    {0x4FCA, 16, {0x0840, 0x0840, 0x0888, 0x1104, 0x13FE, 0x3002, 0x3088, 0x5144, 0x9242, 0x10F8, 0x1188, 0x1250, 0x1020, 0x1050, 0x1188, 0x1606}},
    {0x4FDD, 16, {0x0800, 0x0BF8, 0x0A08, 0x1208, 0x1208, 0x33F8, 0x3040, 0x5040, 0x97FC, 0x10E0, 0x1150, 0x1248, 0x1444, 0x1842, 0x1040, 0x1040}},
    {0x4FE1, 16, {0x0840, 0x0820, 0x0BFE, 0x1000, 0x1000, 0x31FC, 0x3000, 0x5000, 0x91FC, 0x1000, 0x1000, 0x11FC, 0x1104, 0x1104, 0x11FC, 0x1104}},
    {0x4FEE, 16, {0x1080, 0x1080, 0x11F8, 0x2108, 0x2A90, 0x6C60, 0xA998, 0x2E26, 0x28C0, 0x2B10, 0x2820, 0x28C8, 0x2B10, 0x2060, 0x2180, 0x2600}},
    {0x4FF1, 16, {0x0800, 0x0BF8, 0x0A08, 0x1208, 0x13F8, 0x3208, 0x33F8, 0x5208, 0x93F8, 0x1208, 0x1208, 0x1FFE, 0x1000, 0x1110, 0x1208, 0x1404}},
    {0x500B, 16, {0x1000, 0x17FC, 0x1444, 0x2444, 0x27FC, 0x6444, 0x6444, 0xA5F4, 0x2514, 0x2514, 0x2514, 0x25F4, 0x2514, 0x2404, 0x27FC, 0x2404}},
    {0x5019, 16, {0x1000, 0x13F8, 0x1008, 0x2808, 0x2FFE, 0x6900, 0x6900, 0xABF8, 0x2C40, 0x2840, 0x2FFE, 0x2840, 0x28A0, 0x2110, 0x2208, 0x2C06}},
    {0x502B, 16, {0x1040, 0x1040, 0x10A0, 0x2110, 0x2208, 0x6DF6, 0x6000, 0xA7FC, 0x24A4, 0x24A4, 0x27FC, 0x24A4, 0x24A4, 0x24A4, 0x2414, 0x2408}},
    {0x503C, 16, {0x0840, 0x0840, 0x0FFC, 0x1040, 0x1040, 0x33F8, 0x3208, 0x53F8, 0x9208, 0x13F8, 0x1208, 0x13F8, 0x1208, 0x1208, 0x1FFE, 0x1000}},
    {0x5047, 16, {0x1000, 0x17BC, 0x1484, 0x2484, 0x2484, 0x67BC, 0x6400, 0xA400, 0x27BC, 0x2424, 0x2424, 0x27A8, 0x2410, 0x2428, 0x2444, 0x2482}},
    {0x5049, 16, {0x0880, 0x0880, 0x0BF8, 0x1108, 0x17FE, 0x3000, 0x33F8, 0x5208, 0x93F8, 0x1040, 0x17FC, 0x1040, 0x1440, 0x17FE, 0x1040, 0x1040}},
    {0x505C, 16, {0x1080, 0x1040, 0x17FC, 0x2000, 0x23F8, 0x6208, 0x63F8, 0xA000, 0x2FFE, 0x2802, 0x23F8, 0x2040, 0x2040, 0x2040, 0x2140, 0x2080}},
    {0x5065, 16, {0x1020, 0x1020, 0x10FC, 0x2E24, 0x23FE, 0x6224, 0x64FC, 0xA420, 0x2EFC, 0x2220, 0x2220, 0x2BFE, 0x2420, 0x2620, 0x29FE, 0x3000}},
    {0x5075, 16, {0x1040, 0x107E, 0x1040, 0x2040, 0x27FC, 0x6404, 0x6404, 0xA7FC, 0x2404, 0x27FC, 0x2404, 0x2404, 0x27FC, 0x2110, 0x2208, 0x2404}},
    {0x5091, 16, {0x1208, 0x1208, 0x13BE, 0x2488, 0x2AA8, 0x613E, 0x6208, 0xA448, 0x2848, 0x27FC, 0x20E0, 0x2150, 0x2248, 0x2C46, 0x2040, 0x2040}},
    {0x5099, 16, {0x0888, 0x0888, 0x0BFE, 0x1088, 0x1088, 0x37FE, 0x3080, 0x51FC, 0x9324, 0x15FC, 0x1124, 0x11FC, 0x1124, 0x1124, 0x1124, 0x110C}},
    {0x50B3, 16, {0x1040, 0x1FFE, 0x1040, 0x27FC, 0x2444, 0x67FC, 0x6444, 0xA7FC, 0x2042, 0x2FFE, 0x2010, 0x2FFE, 0x2210, 0x2110, 0x2150, 0x2020}},
    {0x50CF, 16, {0x0900, 0x09F0, 0x0A10, 0x17FC, 0x1A24, 0x3244, 0x33FC, 0x5080, 0x9144, 0x16A8, 0x1130, 0x1668, 0x10A8, 0x1124, 0x16A2, 0x1040}},
    {0x50D1, 16, {0x1038, 0x13C0, 0x1080, 0x27FE, 0x2110, 0x6208, 0x65F6, 0xA910, 0x21F0, 0x2000, 0x27FC, 0x2404, 0x25F4, 0x2514, 0x25F4, 0x240C}},
    {0x5109, 16, {0x1040, 0x1040, 0x10A0, 0x2110, 0x2208, 0x65F6, 0x6800, 0xA7BC, 0x24A4, 0x24A4, 0x27BC, 0x2210, 0x2210, 0x2528, 0x2944, 0x3082}},
    {0x5132, 16, {0x1410, 0x1210, 0x127A, 0x2F12, 0x2014, 0x6F7E, 0x6008, 0xAF10, 0x203C, 0x2F64, 0x29A4, 0x293C, 0x2924, 0x2F24, 0x293C, 0x2024}},
    {0x5143, 16, {0x0000, 0x3FF8, 0x0000, 0x0000, 0x0000, 0xFFFE, 0x0440, 0x0440, 0x0440, 0x0440, 0x0840, 0x0842, 0x1042, 0x2042, 0x403E, 0x8000}},
    {0x5145, 16, {0x0200, 0x0100, 0xFFFE, 0x0400, 0x0400, 0x0820, 0x1010, 0x3FF8, 0x0448, 0x0440, 0x0440, 0x0440, 0x0844, 0x0844, 0x1044, 0x603C}},
    {0x5146, 16, {0x0440, 0x0440, 0x4444, 0x2448, 0x1450, 0x1440, 0x0460, 0x0C50, 0x1448, 0x2444, 0x4440, 0x0842, 0x0842, 0x1042, 0x203E, 0x4000}},
    {0x5148, 16, {0x0100, 0x1100, 0x1100, 0x1FF8, 0x2100, 0x4100, 0x0100, 0xFFFE, 0x0440, 0x0440, 0x0440, 0x0840, 0x0842, 0x1042, 0x203E, 0xC000}},
    {0x5149, 16, {0x0100, 0x2108, 0x1108, 0x0910, 0x0920, 0x0100, 0xFFFE, 0x0440, 0x0440, 0x0440, 0x0440, 0x0842, 0x0842, 0x1042, 0x203E, 0xC000}},
    {0x514B, 16, {0x0100, 0x0100, 0xFFFE, 0x0100, 0x0100, 0x3FF8, 0x2008, 0x2008, 0x2008, 0x3FF8, 0x0440, 0x0440, 0x0840, 0x1042, 0x2042, 0xC03E}},
    {0x514D, 16, {0x0800, 0x0800, 0x0FE0, 0x1020, 0x2040, 0x7FF8, 0xA108, 0x2108, 0x2108, 0x3FF8, 0x2288, 0x0480, 0x0880, 0x1082, 0x2082, 0xC07E}},
    {0x5152, 16, {0x0000, 0x0600, 0x38F8, 0x2008, 0x2008, 0x3CF8, 0x2008, 0x2008, 0x3FF8, 0x0440, 0x0440, 0x0440, 0x0844, 0x0844, 0x1044, 0x603C}},
    {0x5165, 16, {0x0400, 0x0200, 0x0100, 0x0100, 0x0100, 0x0280, 0x0280, 0x0280, 0x0440, 0x0440, 0x0820, 0x0820, 0x1010, 0x2010, 0x4008, 0x8006}},
    {0x5167, 16, {0x0400, 0x0200, 0x0200, 0x7FFC, 0x4104, 0x4104, 0x4284, 0x4284, 0x4444, 0x4824, 0x5014, 0x4004, 0x4004, 0x4004, 0x4014, 0x4008}},
    {0x5168, 16, {0x0100, 0x0100, 0x0280, 0x0440, 0x0820, 0x1010, 0x2FE8, 0xC106, 0x0100, 0x0100, 0x1FF0, 0x0100, 0x0100, 0x0100, 0x7FFC, 0x0000}},
    {0x5169, 16, {0x0000, 0xFFFE, 0x0100, 0x0100, 0x0100, 0x7FFC, 0x4104, 0x5144, 0x4924, 0x4924, 0x5554, 0x6594, 0x4104, 0x4104, 0x4114, 0x4008}},
    {0x516B, 16, {0x0000, 0x0040, 0x0440, 0x0440, 0x0440, 0x0440, 0x0440, 0x0420, 0x0820, 0x0820, 0x0810, 0x1010, 0x1008, 0x2008, 0x2004, 0x4002}},
    {0x516C, 16, {0x0080, 0x0480, 0x0480, 0x0840, 0x0840, 0x1020, 0x2010, 0x4208, 0x8206, 0x0400, 0x0440, 0x0820, 0x1020, 0x3FF0, 0x1010, 0x0000}},
    {0x516D, 16, {0x0200, 0x0100, 0x0080, 0x0080, 0x0000, 0xFFFE, 0x0000, 0x0000, 0x0440, 0x0420, 0x0810, 0x0808, 0x1008, 0x2004, 0x4004, 0x0000}},
    {0x5171, 16, {0x0420, 0x0420, 0x0420, 0x0420, 0x3FFC, 0x0420, 0x0420, 0x0420, 0x0420, 0x0420, 0x7FFE, 0x0000, 0x0420, 0x0810, 0x1008, 0x2004}},
    {0x5176, 16, {0x0820, 0x0820, 0x7FFC, 0x0820, 0x0820, 0x0FE0, 0x0820, 0x0820, 0x0FE0, 0x0820, 0x0820, 0xFFFE, 0x0000, 0x0820, 0x1010, 0x2008}},
    {0x5177, 16, {0x0000, 0x1FF0, 0x1010, 0x1010, 0x1FF0, 0x1010, 0x1FF0, 0x1010, 0x1FF0, 0x1010, 0x1010, 0xFFFE, 0x0440, 0x0820, 0x1010, 0x2008}},
    {0x5178, 16, {0x0440, 0x0440, 0x0440, 0x3FF8, 0x2448, 0x2448, 0x2448, 0x3FF8, 0x2448, 0x2448, 0x2448, 0xFFFE, 0x0440, 0x0820, 0x1010, 0x2008}},
    {0x518D, 16, {0x0000, 0xFFFE, 0x0100, 0x0100, 0x3FF8, 0x2108, 0x2108, 0x3FF8, 0x2108, 0x2108, 0xFFFE, 0x2008, 0x2008, 0x2008, 0x2028, 0x2010}},
    {0x51A0, 16, {0x0000, 0x7FFE, 0x4002, 0x8004, 0x3E08, 0x0008, 0x00FE, 0x7E08, 0x1448, 0x1428, 0x1408, 0x142A, 0x2412, 0x2402, 0x43FE, 0x8000}},
    {0x51B7, 16, {0x0040, 0x4040, 0x20A0, 0x20A0, 0x0110, 0x0248, 0x1426, 0x1020, 0x23F8, 0xE008, 0x2010, 0x2110, 0x20A0, 0x2040, 0x2020, 0x0020}},
    {0x51CC, 16, {0x0040, 0x4040, 0x23F8, 0x2040, 0x0040, 0x07FE, 0x1110, 0x1288, 0x2484, 0xE1F0, 0x2310, 0x24A0, 0x2040, 0x20A0, 0x2310, 0x0C0C}},
    {0x51CD, 16, {0x0040, 0x4040, 0x27FC, 0x2040, 0x03F8, 0x0A48, 0x0BF8, 0x1248, 0x13F8, 0xE040, 0x20E0, 0x2150, 0x2248, 0x2C46, 0x2040, 0x0040}},
    {0x51F1, 16, {0x0800, 0x4900, 0x4978, 0x7F48, 0x0048, 0xFF48, 0x0048, 0x7F48, 0x4148, 0x4148, 0x7F48, 0x4248, 0x244A, 0x0F4A, 0xF08A, 0x4106}},
    {0x51F9, 16, {0x0000, 0x7C7C, 0x4444, 0x4444, 0x4444, 0x4444, 0x4444, 0x4444, 0x4444, 0x47C4, 0x4004, 0x4004, 0x4004, 0x4004, 0x7FFC, 0x4004}},
    {0x51FA, 16, {0x0100, 0x0100, 0x2108, 0x2108, 0x2108, 0x2108, 0x3FF8, 0x0108, 0x0100, 0x0100, 0x4104, 0x4104, 0x4104, 0x4104, 0x7FFC, 0x0004}},
    {0x5206, 16, {0x0040, 0x0440, 0x0420, 0x0820, 0x1010, 0x2008, 0x4004, 0x9FE2, 0x0420, 0x0420, 0x0420, 0x0820, 0x0820, 0x1020, 0x2140, 0x4080}},
    {0x5207, 16, {0x1000, 0x1000, 0x11FC, 0x1044, 0x1044, 0x1E44, 0xF044, 0x1044, 0x1044, 0x1244, 0x1444, 0x1884, 0x1084, 0x0104, 0x0228, 0x0410}},
    {0x5217, 16, {0x0004, 0x7F84, 0x0804, 0x0824, 0x1F24, 0x1124, 0x2124, 0x2124, 0x5224, 0x8A24, 0x0424, 0x0424, 0x0804, 0x1004, 0x2014, 0x4008}},
    {0x5225, 16, {0x0004, 0x7F04, 0x4104, 0x4124, 0x4124, 0x7F24, 0x0024, 0x1024, 0x1024, 0x1F24, 0x1124, 0x1124, 0x2104, 0x2104, 0x4A14, 0x8408}},
    {0x5229, 16, {0x0104, 0x0784, 0x7C04, 0x0424, 0x0424, 0x0424, 0xFFA4, 0x0C24, 0x1624, 0x1524, 0x24A4, 0x2424, 0x4404, 0x8404, 0x0414, 0x0408}},
    {0x5230, 16, {0x0004, 0xFF84, 0x0804, 0x1024, 0x2224, 0x4124, 0xFFA4, 0x08A4, 0x0824, 0x0824, 0x7F24, 0x0824, 0x0804, 0x0F84, 0xF814, 0x4008}},
    {0x5236, 16, {0x0404, 0x2404, 0x2404, 0x3FA4, 0x4424, 0x0424, 0xFFE4, 0x0424, 0x0424, 0x3FA4, 0x24A4, 0x24A4, 0x2684, 0x2504, 0x0414, 0x0408}},
    {0x5237, 16, {0x0002, 0x3FC2, 0x2042, 0x2042, 0x3FD2, 0x2212, 0x2212, 0x2212, 0x3FD2, 0x5252, 0x5252, 0x5252, 0x9342, 0x1282, 0x020A, 0x0204}},
    {0x5247, 16, {0x0004, 0x7F04, 0x4104, 0x4124, 0x7F24, 0x4124, 0x4124, 0x7F24, 0x4124, 0x4124, 0x7F24, 0x0024, 0x2204, 0x2104, 0x4094, 0x8088}},
    {0x524D, 16, {0x1010, 0x0810, 0x0820, 0xFFFE, 0x0000, 0x3E08, 0x2248, 0x2248, 0x3E48, 0x2248, 0x2248, 0x3E48, 0x2208, 0x2208, 0x2A28, 0x2410}},
    {0x5272, 16, {0x1004, 0x0804, 0xFF84, 0x80A4, 0x0924, 0x7F24, 0x0824, 0x7F24, 0x0824, 0xFFA4, 0x0824, 0x7F24, 0x4104, 0x4104, 0x7F14, 0x4108}},
    {0x5275, 16, {0x0804, 0x0C04, 0x1204, 0x2924, 0x44A4, 0xBF24, 0x2124, 0x3F24, 0x2124, 0x3F24, 0x2024, 0x3F24, 0x5104, 0x5104, 0x9F14, 0x1108}},
    {0x5283, 16, {0x0804, 0x7F04, 0x0904, 0xFFA4, 0x0924, 0x7F24, 0x0824, 0xFFA4, 0x0024, 0x7F24, 0x4924, 0x7F24, 0x4904, 0x7F04, 0x0014, 0xFF88}},
    {0x5287, 16, {0x0804, 0x0F04, 0x0804, 0x7FA4, 0x48A4, 0x7E24, 0x4924, 0x4724, 0x4024, 0x7FA4, 0x4824, 0x5524, 0x4A04, 0xB704, 0x0A94, 0x3608}},
    {0x529B, 16, {0x0200, 0x0200, 0x0200, 0x0200, 0x7FF8, 0x0208, 0x0208, 0x0208, 0x0208, 0x0408, 0x0408, 0x0808, 0x0808, 0x1088, 0x2050, 0x4020}},
    {0x52A0, 16, {0x1000, 0x1000, 0x1000, 0x107C, 0xFE44, 0x1244, 0x1244, 0x1244, 0x1244, 0x1244, 0x1244, 0x1244, 0x2244, 0x227C, 0x4A44, 0x8400}},
    {0x52A9, 16, {0x0020, 0x7C20, 0x4420, 0x4420, 0x44FC, 0x7C24, 0x4424, 0x4424, 0x7C24, 0x4424, 0x4424, 0x4444, 0x4E44, 0xF084, 0x0128, 0x0210}},
    {0x52D5, 16, {0x0F20, 0x7820, 0x0820, 0xFFA0, 0x087C, 0x7F24, 0x4924, 0x7F24, 0x4924, 0x7F24, 0x0824, 0x7F24, 0x0844, 0x0FC4, 0xF894, 0x4108}},
    {0x52D9, 16, {0x0040, 0xFC40, 0x04FC, 0x6888, 0x1150, 0x0820, 0xFED8, 0x1306, 0x3440, 0x3040, 0x53FC, 0x5044, 0x9084, 0x1084, 0x5114, 0x2208}},
    {0x52DD, 16, {0x0020, 0x7924, 0x48A8, 0x4820, 0x49FC, 0x7840, 0x4BFE, 0x4888, 0x4944, 0x7A42, 0x4DF8, 0x4848, 0x4888, 0x4888, 0x4928, 0x9A10}},
    {0x52DE, 16, {0x0820, 0x2AA4, 0x2CA8, 0x4920, 0x1450, 0x2288, 0x7FFE, 0x4102, 0x8104, 0x3FF8, 0x0208, 0x0208, 0x0408, 0x0808, 0x1050, 0x6020}},
    {0x52E4, 16, {0x2220, 0x2220, 0xFFA0, 0x2220, 0x3EFC, 0x0824, 0x7F24, 0x4924, 0x7F24, 0x0824, 0x7F24, 0x0844, 0x7F44, 0x0884, 0x0F28, 0xF210}},
    {0x52F5, 16, {0x0010, 0x7F90, 0x4A10, 0x7F90, 0x4A7E, 0x5F12, 0x5512, 0x5F12, 0x5512, 0x5F12, 0x4412, 0x7F92, 0x6492, 0xAEA2, 0xA2AA, 0x2144}},
    {0x5305, 16, {0x0800, 0x0800, 0x1FF0, 0x1010, 0x2010, 0x5F90, 0x9090, 0x1090, 0x1090, 0x1F90, 0x1050, 0x1020, 0x1004, 0x1004, 0x0FFC, 0x0000}},
    {0x5316, 16, {0x0880, 0x0880, 0x0884, 0x1088, 0x1090, 0x30A0, 0x30C0, 0x5080, 0x9180, 0x1280, 0x1480, 0x1082, 0x1082, 0x1082, 0x107E, 0x1000}},
    {0x5317, 16, {0x0440, 0x0440, 0x0440, 0x0444, 0x0448, 0x7C50, 0x0460, 0x0440, 0x0440, 0x0440, 0x0440, 0x0442, 0x1C42, 0xE442, 0x443E, 0x0400}},
    {0x5321, 16, {0x0000, 0x7FFC, 0x4000, 0x4000, 0x4FF8, 0x4080, 0x4080, 0x47F0, 0x4080, 0x4080, 0x4080, 0x4FF8, 0x4000, 0x4000, 0x7FFE, 0x0000}},
    {0x532F, 16, {0x0000, 0x7FFC, 0x40A0, 0x4890, 0x45FE, 0x6120, 0x57FC, 0x4520, 0x49FC, 0x7920, 0x4920, 0x49FE, 0x4900, 0x4000, 0x7FFE, 0x0000}},
    {0x5340, 16, {0x0000, 0x7FFC, 0x4000, 0x4FF0, 0x4810, 0x4810, 0x4FF0, 0x4000, 0x5E78, 0x5248, 0x5248, 0x5E78, 0x5248, 0x4000, 0x7FFE, 0x0000}},
    {0x5341, 16, {0x0100, 0x0100, 0x0100, 0x0100, 0x0100, 0x0100, 0xFFFE, 0x0100, 0x0100, 0x0100, 0x0100, 0x0100, 0x0100, 0x0100, 0x0100, 0x0100}},
    {0x5343, 16, {0x0010, 0x00F8, 0x3F00, 0x0100, 0x0100, 0x0100, 0x0100, 0xFFFE, 0x0100, 0x0100, 0x0100, 0x0100, 0x0100, 0x0100, 0x0100, 0x0100}},
    {0x5348, 16, {0x0800, 0x0800, 0x0800, 0x1FF8, 0x1100, 0x2100, 0x4100, 0x0100, 0x0100, 0xFFFE, 0x0100, 0x0100, 0x0100, 0x0100, 0x0100, 0x0100}},
    {0x534A, 16, {0x0100, 0x2108, 0x1108, 0x0910, 0x0920, 0x0100, 0x3FF8, 0x0100, 0x0100, 0x0100, 0xFFFE, 0x0100, 0x0100, 0x0100, 0x0100, 0x0100}},
    {0x5351, 16, {0x0200, 0x0400, 0x3FF8, 0x2108, 0x2108, 0x3FF8, 0x2208, 0x2208, 0x3FF8, 0x0880, 0x1080, 0xFFFE, 0x0080, 0x0080, 0x0080, 0x0080}},
    {0x5353, 16, {0x0100, 0x01FC, 0x0100, 0x0100, 0x1FF0, 0x1010, 0x1FF0, 0x1010, 0x1FF0, 0x1110, 0x0100, 0xFFFE, 0x0100, 0x0100, 0x0100, 0x0100}},
    {0x5354, 16, {0x2040, 0x2040, 0x23FC, 0x2084, 0xF884, 0x2114, 0x2208, 0x2010, 0x2410, 0x2FBE, 0x2492, 0x2492, 0x2492, 0x28A2, 0x2AAA, 0x3144}},
    {0x5357, 16, {0x0100, 0x0100, 0xFFFE, 0x0100, 0x0100, 0x7FFC, 0x4824, 0x4444, 0x4FE4, 0x4104, 0x4104, 0x5FF4, 0x4104, 0x4104, 0x4114, 0x4008}},
    {0x535A, 16, {0x2050, 0x2048, 0x2FFE, 0x2040, 0x27FC, 0xFC44, 0x27FC, 0x2444, 0x27FC, 0x2444, 0x2008, 0x2FFE, 0x2208, 0x2108, 0x2128, 0x2010}},
    {0x5361, 16, {0x0200, 0x0200, 0x03F8, 0x0200, 0x0200, 0x0200, 0xFFFE, 0x0200, 0x0200, 0x0240, 0x0220, 0x0210, 0x0208, 0x0200, 0x0200, 0x0200}},
    {0x5373, 16, {0x0000, 0x7E7C, 0x4244, 0x4244, 0x7E44, 0x4244, 0x4244, 0x7E44, 0x4044, 0x4844, 0x4454, 0x4A48, 0x5240, 0x6040, 0x0040, 0x0040}},
    {0x539A, 16, {0x0000, 0x3FFE, 0x2000, 0x27F8, 0x2408, 0x27F8, 0x2408, 0x27F8, 0x2000, 0x27F8, 0x2010, 0x2020, 0x2FFE, 0x4040, 0x4140, 0x8080}},
    {0x539F, 16, {0x0000, 0x3FFE, 0x2080, 0x2100, 0x27F0, 0x2410, 0x2410, 0x27F0, 0x2410, 0x2410, 0x27F0, 0x2080, 0x2490, 0x4888, 0x5284, 0x8100}},
    {0x53C3, 16, {0x0400, 0x0820, 0x1FF0, 0x1020, 0x2448, 0x7EFC, 0x0100, 0x06C0, 0x18B0, 0xE30E, 0x0C40, 0x3190, 0x0620, 0x38C0, 0x0700, 0x7800}},
    {0x53C8, 16, {0x0000, 0x3FF0, 0x1010, 0x1010, 0x1020, 0x0820, 0x0820, 0x0440, 0x0440, 0x0280, 0x0100, 0x0280, 0x0440, 0x0820, 0x3018, 0xC006}},
    {0x53CA, 16, {0x0000, 0x3FE0, 0x0820, 0x0820, 0x0840, 0x0840, 0x0CF8, 0x0A08, 0x0A08, 0x0910, 0x1110, 0x10A0, 0x2040, 0x20A0, 0x4318, 0x8C06}},
    {0x53CB, 16, {0x0200, 0x0200, 0x0200, 0xFFFE, 0x0400, 0x0400, 0x0FF0, 0x0A10, 0x1210, 0x1120, 0x2140, 0x4080, 0x8140, 0x0620, 0x1818, 0x6006}},
    {0x53D6, 16, {0x0000, 0xFF80, 0x22FC, 0x2244, 0x3E44, 0x2244, 0x2244, 0x3E44, 0x2228, 0x2228, 0x27A8, 0xFA10, 0x4210, 0x0228, 0x0244, 0x0282}},
    {0x53E0, 16, {0x1FE0, 0x0440, 0x0380, 0x0C40, 0x7EFC, 0x2244, 0x1C38, 0x6244, 0x0000, 0xFFFE, 0x9012, 0x1FF0, 0x1010, 0x1FF0, 0x1010, 0xFFFE}},
    {0x53E3, 16, {0x0000, 0x0000, 0x3FF8, 0x2008, 0x2008, 0x2008, 0x2008, 0x2008, 0x2008, 0x2008, 0x2008, 0x2008, 0x2008, 0x3FF8, 0x2008, 0x0000}},
    {0x53E4, 16, {0x0100, 0x0100, 0x0100, 0x0100, 0xFFFE, 0x0100, 0x0100, 0x0100, 0x1FF0, 0x1010, 0x1010, 0x1010, 0x1010, 0x1010, 0x1FF0, 0x1010}},
    {0x53EA, 16, {0x0000, 0x1FF0, 0x1010, 0x1010, 0x1010, 0x1010, 0x1010, 0x1010, 0x1FF0, 0x1010, 0x0000, 0x0820, 0x0810, 0x1008, 0x2004, 0x4004}},
    {0x53EF, 16, {0x0000, 0x7FFE, 0x0010, 0x0010, 0x1F10, 0x1110, 0x1110, 0x1110, 0x1110, 0x1110, 0x1F10, 0x1110, 0x0010, 0x0010, 0x0050, 0x0020}},
    {0x53F0, 16, {0x0200, 0x0200, 0x0400, 0x0820, 0x1010, 0x2008, 0x7FFC, 0x2004, 0x0000, 0x1FF0, 0x1010, 0x1010, 0x1010, 0x1010, 0x1FF0, 0x1010}},
    {0x53F2, 16, {0x0100, 0x0100, 0x0100, 0x3FF8, 0x2108, 0x2108, 0x2108, 0x3FF8, 0x2108, 0x0100, 0x1100, 0x0900, 0x0600, 0x0580, 0x1870, 0xE00E}},
    {0x53F3, 16, {0x0200, 0x0200, 0x0200, 0xFFFE, 0x0400, 0x0400, 0x0800, 0x0800, 0x1FF8, 0x2808, 0x4808, 0x8808, 0x0808, 0x0808, 0x0FF8, 0x0808}},
    {0x53F7, 16, {0x0000, 0x1FF0, 0x1010, 0x1010, 0x1010, 0x1FF0, 0x0000, 0xFFFE, 0x0800, 0x1000, 0x1FF0, 0x0010, 0x0010, 0x0010, 0x00A0, 0x0040}},
    {0x53F8, 16, {0x0000, 0x3FF8, 0x0008, 0x0008, 0x7FE8, 0x0008, 0x0008, 0x1F88, 0x1088, 0x1088, 0x1088, 0x1088, 0x1F88, 0x1088, 0x0028, 0x0010}},
    {0x5408, 16, {0x0100, 0x0100, 0x0280, 0x0440, 0x0820, 0x3018, 0xCFE6, 0x0000, 0x0000, 0x1FF0, 0x1010, 0x1010, 0x1010, 0x1010, 0x1FF0, 0x1010}},
    {0x5409, 16, {0x0100, 0x0100, 0x0100, 0xFFFE, 0x0100, 0x0100, 0x0100, 0x3FF8, 0x0000, 0x0000, 0x1FF0, 0x1010, 0x1010, 0x1010, 0x1FF0, 0x1010}},
    {0x540C, 16, {0x0000, 0x3FFC, 0x2004, 0x2004, 0x2FF4, 0x2004, 0x2004, 0x27E4, 0x2424, 0x2424, 0x2424, 0x27E4, 0x2424, 0x2004, 0x2014, 0x2008}},
    {0x540D, 16, {0x0200, 0x0200, 0x07F0, 0x0810, 0x1420, 0x6240, 0x0280, 0x0100, 0x0600, 0x1FF8, 0xE808, 0x0808, 0x0808, 0x0808, 0x0FF8, 0x0808}},
    {0x540E, 16, {0x0010, 0x00F8, 0x1F00, 0x1000, 0x1000, 0x1FFE, 0x1000, 0x1000, 0x1000, 0x17F8, 0x1408, 0x2408, 0x2408, 0x4408, 0x87F8, 0x0408}},
    {0x5410, 16, {0x0040, 0x0040, 0x7840, 0x4840, 0x4840, 0x4840, 0x4FFC, 0x4840, 0x4840, 0x4840, 0x7840, 0x4840, 0x0040, 0x0040, 0x0FFE, 0x0000}},
    {0x5411, 16, {0x0200, 0x0400, 0x0800, 0x7FFC, 0x4004, 0x4004, 0x47C4, 0x4444, 0x4444, 0x4444, 0x4444, 0x47C4, 0x4444, 0x4004, 0x4014, 0x4008}},
    {0x541B, 16, {0x0000, 0x3FF8, 0x0408, 0x0408, 0xFFFE, 0x0408, 0x0408, 0x3FF8, 0x0800, 0x0800, 0x1FF8, 0x1808, 0x2808, 0x4808, 0x8FF8, 0x0808}},
    {0x542B, 16, {0x0100, 0x0100, 0x0280, 0x0440, 0x0A20, 0x3118, 0xC106, 0x0FE0, 0x0040, 0x0080, 0x1FF0, 0x1010, 0x1010, 0x1010, 0x1FF0, 0x1010}},
    {0x5433, 16, {0x0000, 0x07E0, 0x0420, 0x1420, 0x17E0, 0x1000, 0x1000, 0x1FF0, 0x0110, 0x0110, 0xFFFE, 0x0280, 0x0440, 0x0820, 0x3018, 0xC006}},
    {0x544A, 16, {0x0100, 0x1100, 0x1100, 0x1FF8, 0x2100, 0x4100, 0x0100, 0xFFFE, 0x0000, 0x0000, 0x1FF0, 0x1010, 0x1010, 0x1010, 0x1FF0, 0x1010}},
    {0x5480, 16, {0x0000, 0x01F8, 0x7908, 0x4908, 0x4908, 0x49F8, 0x4908, 0x4908, 0x4908, 0x49F8, 0x7908, 0x4908, 0x0108, 0x0108, 0x07FE, 0x0000}},
    {0x548C, 16, {0x0400, 0x0E00, 0x7800, 0x087C, 0x0844, 0xFF44, 0x0844, 0x1844, 0x1C44, 0x2A44, 0x2A44, 0x4844, 0x887C, 0x0844, 0x0800, 0x0800}},
    {0x5496, 16, {0x0400, 0x0400, 0xF400, 0x943C, 0x9FA4, 0x94A4, 0x94A4, 0x94A4, 0x94A4, 0x94A4, 0xF4A4, 0x94A4, 0x08A4, 0x08BC, 0x12A4, 0x2100}},
    {0x54B8, 16, {0x0050, 0x0048, 0x0040, 0x3FFE, 0x2040, 0x2040, 0x2F44, 0x2044, 0x2044, 0x2F28, 0x2928, 0x2912, 0x2F32, 0x494A, 0x4086, 0x8102}},
    {0x54E1, 16, {0x0000, 0x1FF0, 0x1010, 0x1010, 0x1FF0, 0x0000, 0x3FF8, 0x2008, 0x3FF8, 0x2008, 0x3FF8, 0x2008, 0x3FF8, 0x0820, 0x1010, 0x2008}},
    {0x54E5, 16, {0x0000, 0x7FFC, 0x0010, 0x1F90, 0x1090, 0x1090, 0x1F90, 0x0000, 0xFFFE, 0x0010, 0x1F90, 0x1090, 0x1090, 0x1F90, 0x0050, 0x0020}},
    {0x5510, 16, {0x0100, 0x0080, 0x3FFE, 0x2080, 0x2FF8, 0x2088, 0x3FFE, 0x2088, 0x2FF8, 0x2080, 0x2FF8, 0x2808, 0x4808, 0x4808, 0x8FF8, 0x0808}},
    {0x5546, 16, {0x0200, 0x0100, 0x7FFC, 0x0820, 0x0440, 0x3FF8, 0x2008, 0x2448, 0x2828, 0x37D8, 0x2448, 0x2448, 0x27C8, 0x2008, 0x2028, 0x2010}},
    {0x555F, 16, {0x0820, 0x0420, 0x3F20, 0x213E, 0x2144, 0x2144, 0x3F44, 0x20A4, 0x2028, 0x3F28, 0x3110, 0x5110, 0x5128, 0x9F28, 0x1144, 0x0082}},
    {0x5561, 16, {0x0090, 0x0090, 0xF090, 0x979E, 0x9090, 0x9090, 0x9090, 0x939C, 0x9090, 0x9090, 0xF090, 0x979E, 0x0090, 0x0090, 0x0090, 0x0090}},
    {0x5584, 16, {0x0820, 0x0440, 0x7FFC, 0x0100, 0x3FF8, 0x0100, 0x7FFC, 0x1110, 0x0920, 0xFFFE, 0x0000, 0x1FF0, 0x1010, 0x1010, 0x1FF0, 0x1010}},
    {0x5587, 16, {0x0104, 0x0104, 0x77C4, 0x5104, 0x5114, 0x57D4, 0x5554, 0x5554, 0x57D4, 0x5114, 0x7394, 0x5554, 0x0944, 0x0104, 0x0114, 0x0108}},
    {0x559A, 16, {0x0100, 0x0100, 0xF3F0, 0x9410, 0x9820, 0x97FC, 0x9404, 0x94A4, 0x9514, 0x9444, 0xF040, 0x9FFE, 0x00A0, 0x0110, 0x0208, 0x0C06}},
    {0x559C, 16, {0x0100, 0x7FFC, 0x0100, 0x3FF8, 0x0000, 0x3FF8, 0x2008, 0x3FF8, 0x0820, 0xFFFE, 0x0000, 0x3FF8, 0x2008, 0x2008, 0x3FF8, 0x2008}},
    {0x55AE, 16, {0x0000, 0x7EFC, 0x4284, 0x4284, 0x7EFC, 0x0000, 0x3FF8, 0x2108, 0x3FF8, 0x2108, 0x3FF8, 0x0100, 0xFFFE, 0x0100, 0x0100, 0x0100}},
    {0x5609, 16, {0x0100, 0xFFFE, 0x0100, 0x3FF8, 0x0000, 0x1FF0, 0x1010, 0x1FF0, 0x0820, 0xFFFE, 0x1000, 0x7F7C, 0x1144, 0x2144, 0x457C, 0x8244}},
    {0x5668, 16, {0x0000, 0x3E7C, 0x2244, 0x2244, 0x3E7C, 0x0120, 0x0110, 0xFFFE, 0x0280, 0x0C60, 0x3018, 0xC006, 0x3E7C, 0x2244, 0x2244, 0x3E7C}},
    {0x56DB, 16, {0x0000, 0x0000, 0x7FFC, 0x4444, 0x4444, 0x4444, 0x4444, 0x4444, 0x4844, 0x483C, 0x5004, 0x6004, 0x4004, 0x7FFC, 0x4004, 0x0000}},
    {0x56DE, 16, {0x0000, 0x3FFC, 0x2004, 0x2004, 0x27E4, 0x2424, 0x2424, 0x2424, 0x2424, 0x2424, 0x27E4, 0x2004, 0x2004, 0x3FFC, 0x2004, 0x0000}},
    {0x5703, 16, {0x0000, 0x7FFC, 0x4144, 0x4124, 0x5FF4, 0x4104, 0x4FE4, 0x4924, 0x4FE4, 0x4924, 0x4FE4, 0x4924, 0x4964, 0x4004, 0x7FFC, 0x4004}},
    {0x570B, 16, {0x0000, 0x7FFC, 0x40A4, 0x4094, 0x7FFC, 0x4084, 0x5E94, 0x5294, 0x52A4, 0x5EA4, 0x4054, 0x46B4, 0x5914, 0x4004, 0x7FFC, 0x4004}},
    {0x570D, 16, {0x7FFC, 0x4204, 0x4FE4, 0x4424, 0x5FFC, 0x4004, 0x4FE4, 0x4824, 0x4FE4, 0x4104, 0x5FF4, 0x4104, 0x5104, 0x5FFC, 0x4104, 0x7FFC}},
    {0x5712, 16, {0x0000, 0x7FFC, 0x4104, 0x4FE4, 0x4104, 0x5FF4, 0x4004, 0x4FE4, 0x4824, 0x4FE4, 0x4114, 0x46A4, 0x5A44, 0x4224, 0x7FFC, 0x4004}},
    {0x5713, 16, {0x7FFC, 0x4004, 0x4FE4, 0x4824, 0x4FE4, 0x4004, 0x5FF4, 0x5014, 0x5FF4, 0x5014, 0x5FF4, 0x5014, 0x5FF4, 0x4444, 0x4824, 0x7FFC}},
    {0x5716, 16, {0x7FFC, 0x4004, 0x4FE4, 0x4824, 0x4FE4, 0x4104, 0x7FFC, 0x4104, 0x5FF4, 0x5014, 0x57D4, 0x5454, 0x5FF4, 0x4004, 0x7FFC, 0x4004}},
    {0x5718, 16, {0x7FFC, 0x4104, 0x5FF4, 0x4104, 0x4FE4, 0x4924, 0x4FE4, 0x4924, 0x4FE4, 0x4114, 0x5FF4, 0x4044, 0x5FF4, 0x4844, 0x44C4, 0x7FFC}},
    {0x571F, 16, {0x0100, 0x0100, 0x0100, 0x0100, 0x0100, 0x0100, 0x3FF8, 0x0100, 0x0100, 0x0100, 0x0100, 0x0100, 0x0100, 0x0100, 0xFFFE, 0x0000}},
    {0x5728, 16, {0x0200, 0x0200, 0x0400, 0xFFFE, 0x0800, 0x0840, 0x1040, 0x3040, 0x57FC, 0x9040, 0x1040, 0x1040, 0x1040, 0x1040, 0x1FFE, 0x1000}},
    {0x5730, 16, {0x1020, 0x1020, 0x1020, 0x1120, 0x112C, 0xFD34, 0x1164, 0x13A4, 0x1124, 0x1134, 0x1128, 0x1D22, 0xE122, 0x4102, 0x00FE, 0x0000}},
    {0x5733, 16, {0x1104, 0x1124, 0x1124, 0x1124, 0x1124, 0xFD24, 0x1124, 0x1124, 0x1124, 0x1124, 0x1124, 0x1D24, 0xE124, 0x4224, 0x0204, 0x0404}},
    {0x5740, 16, {0x1020, 0x1020, 0x1020, 0x1120, 0x1120, 0xFD20, 0x113C, 0x1120, 0x1120, 0x1120, 0x1120, 0x1D20, 0xE120, 0x4120, 0x07FE, 0x0000}},
    {0x5747, 16, {0x1040, 0x1040, 0x1080, 0x10FC, 0x1104, 0xFE04, 0x1084, 0x1044, 0x1044, 0x1014, 0x1024, 0x1C44, 0xE184, 0x4004, 0x0028, 0x0010}},
    {0x574A, 16, {0x1040, 0x1020, 0x1020, 0x13FE, 0x1080, 0xFC80, 0x1080, 0x10FC, 0x1084, 0x1084, 0x1084, 0x1C84, 0xE104, 0x4104, 0x0228, 0x0410}},
    {0x5751, 16, {0x1080, 0x1040, 0x1040, 0x13FC, 0x1000, 0xFC00, 0x11F0, 0x1110, 0x1110, 0x1110, 0x1110, 0x1D12, 0xE112, 0x4212, 0x020E, 0x0400}},
    {0x576A, 16, {0x1000, 0x11FC, 0x1020, 0x1020, 0x1124, 0xFCA4, 0x10A8, 0x1020, 0x13FE, 0x1020, 0x1020, 0x1C20, 0xE020, 0x4020, 0x0020, 0x0020}},
    {0x5773, 16, {0x2020, 0x2120, 0x2120, 0x2220, 0x22FC, 0xF4A4, 0x2724, 0x2124, 0x2224, 0x2224, 0x24A4, 0x37A4, 0xE0C4, 0x4044, 0x0094, 0x0108}},
    {0x578B, 16, {0x0004, 0x7F84, 0x1224, 0x1224, 0x1224, 0xFFA4, 0x1224, 0x2204, 0x2214, 0x4108, 0x8100, 0x3FF8, 0x0100, 0x0100, 0xFFFE, 0x0000}},
    {0x57CE, 16, {0x2028, 0x2024, 0x2020, 0x27FE, 0x2420, 0xFC20, 0x2424, 0x27A4, 0x24A4, 0x24A8, 0x24A8, 0x3C90, 0xE692, 0x492A, 0x0846, 0x1082}},
    {0x57D4, 16, {0x2048, 0x2044, 0x27FE, 0x2040, 0x2040, 0xFBFC, 0x2244, 0x2244, 0x23FC, 0x2244, 0x2244, 0x3BFC, 0xE244, 0x4244, 0x0254, 0x0208}},
    {0x57D7, 16, {0x1010, 0x1010, 0x1090, 0x109E, 0x1090, 0xFC90, 0x13FE, 0x1000, 0x1010, 0x1092, 0x1092, 0x1D14, 0xE208, 0x4010, 0x0060, 0x0380}},
    {0x57DF, 16, {0x2014, 0x2012, 0x2010, 0x27FE, 0x2010, 0xF810, 0x23D2, 0x2252, 0x2252, 0x2254, 0x23D4, 0x3808, 0xE0EA, 0x471A, 0x0226, 0x0042}},
    {0x57F8, 16, {0x1000, 0x11FC, 0x1104, 0x11FC, 0x1104, 0xFDFC, 0x1080, 0x1080, 0x11FE, 0x124A, 0x144A, 0x1C92, 0xE122, 0x4242, 0x0094, 0x0108}},
    {0x57F9, 16, {0x1040, 0x1020, 0x11FC, 0x1000, 0x1108, 0xFC90, 0x1000, 0x13FE, 0x1000, 0x1000, 0x11FC, 0x1D04, 0xE104, 0x4104, 0x01FC, 0x0104}},
    {0x57FA, 16, {0x0820, 0x0820, 0x7FFC, 0x0820, 0x0FE0, 0x0820, 0x0FE0, 0x0820, 0xFFFE, 0x0820, 0x1110, 0x2108, 0xCFE6, 0x0100, 0x0100, 0x3FF8}},
    {0x5802, 16, {0x0100, 0x1110, 0x0920, 0x7FFE, 0x4002, 0x9FF4, 0x1010, 0x1010, 0x1FF0, 0x0100, 0x0100, 0x3FF8, 0x0100, 0x0100, 0xFFFE, 0x0000}},
    {0x5805, 16, {0x7F7C, 0x4844, 0x7F44, 0x4148, 0x4128, 0x7F30, 0x4810, 0x4828, 0x7F44, 0x0082, 0x0100, 0x3FF8, 0x0100, 0x0100, 0xFFFE, 0x0000}},
    {0x5821, 16, {0x0800, 0x0BF8, 0x1208, 0x33F8, 0x5040, 0x97FC, 0x1150, 0x1248, 0x1446, 0x1140, 0x0100, 0x3FF8, 0x0100, 0x0100, 0xFFFE, 0x0000}},
    {0x5824, 16, {0x1000, 0x11FC, 0x1104, 0x1104, 0x11FC, 0xFD04, 0x1104, 0x11FC, 0x1000, 0x13FE, 0x1020, 0x1D20, 0xE13C, 0x4120, 0x02A0, 0x047E}},
    {0x582F, 16, {0x0100, 0x0100, 0x3FF8, 0x0100, 0xFFFE, 0x0820, 0x3EF8, 0x0820, 0x0E20, 0x78FC, 0x0000, 0xFFFE, 0x0440, 0x0842, 0x1042, 0x603E}},
    {0x5831, 16, {0x1000, 0x10FC, 0x7C84, 0x1084, 0x1094, 0xFE88, 0x4480, 0x28FC, 0x7CA4, 0x10A4, 0x10A8, 0xFEA8, 0x1090, 0x10A8, 0x10C4, 0x1082}},
    {0x5834, 16, {0x2000, 0x23F8, 0x2208, 0x23F8, 0x2208, 0xFBF8, 0x2000, 0x2FFE, 0x2200, 0x23FC, 0x2494, 0x3924, 0xE244, 0x4484, 0x0128, 0x0210}},
    {0x584A, 16, {0x2020, 0x2040, 0x23FC, 0x2224, 0x2224, 0xFBFC, 0x2224, 0x2244, 0x23FC, 0x2040, 0x20A8, 0x38B4, 0xE13C, 0x4122, 0x0222, 0x041E}},
    {0x5858, 16, {0x2040, 0x2020, 0x27FE, 0x2420, 0x25FC, 0xFC24, 0x27FE, 0x2424, 0x25FC, 0x2420, 0x25FC, 0x3D04, 0xE504, 0x4904, 0x09FC, 0x1104}},
    {0x585E, 16, {0x0200, 0x0100, 0x7FFE, 0x4442, 0x9FF4, 0x0440, 0x3FF8, 0x0440, 0xFFFE, 0x0820, 0x1110, 0x2108, 0xDFF6, 0x0100, 0x0100, 0x7FFC}},
    {0x5862, 16, {0x1040, 0x1080, 0x11FC, 0x1104, 0x1104, 0xFDFC, 0x1100, 0x11FE, 0x1100, 0x11FE, 0x1C02, 0xE2AA, 0x42AA, 0x0402, 0x0014, 0x0008}},
    {0x586B, 16, {0x2040, 0x2040, 0x27FC, 0x2040, 0x23F8, 0xFA08, 0x23F8, 0x2208, 0x23F8, 0x2208, 0x23F8, 0x3A08, 0xEFFE, 0x4110, 0x0208, 0x0404}},
    {0x5883, 16, {0x2080, 0x2040, 0x23F8, 0x2110, 0xF8A0, 0x27FE, 0x2000, 0x23F8, 0x2208, 0x23F8, 0x2208, 0x3BF8, 0xE120, 0x4122, 0x0222, 0x0C1E}},
    {0x5885, 16, {0x7F7C, 0x4904, 0x7F28, 0x4910, 0x7F7E, 0x0812, 0x7F14, 0x0810, 0x0F50, 0xF020, 0x0100, 0x3FF8, 0x0100, 0x0100, 0xFFFE, 0x0000}},
    {0x5893, 16, {0x0440, 0x7FFC, 0x0440, 0x1FF0, 0x1010, 0x1FF0, 0x1010, 0x1FF0, 0x0400, 0xFFFE, 0x1010, 0x2108, 0xCFE6, 0x0100, 0x0100, 0x3FF8}},
    {0x589E, 16, {0x2208, 0x2110, 0x2000, 0x27FC, 0x2444, 0xFD54, 0x24E4, 0x2444, 0x27FC, 0x2000, 0x23F8, 0x3A08, 0xE3F8, 0x4208, 0x03F8, 0x0208}},
    {0x589F, 16, {0x2040, 0x207C, 0x2040, 0x23FE, 0x2242, 0xFA78, 0x23C4, 0x223C, 0x2200, 0x2250, 0x2254, 0x3B54, 0xE4D8, 0x4450, 0x09FE, 0x0000}},
    {0x58B3, 16, {0x1020, 0x11FC, 0x1020, 0x1088, 0x13FE, 0xFC88, 0x11FC, 0x1104, 0x11FC, 0x1104, 0x11FC, 0x1D04, 0xE1FC, 0x4088, 0x0104, 0x0202}},
    {0x58C1, 16, {0x0040, 0x7C20, 0x45FC, 0x4488, 0x7C50, 0x43FE, 0x7C20, 0xA5FC, 0x2420, 0x3D20, 0x0100, 0x3FF8, 0x0100, 0x0100, 0xFFFE, 0x0000}},
    {0x58C6, 16, {0x0A80, 0x3138, 0x2288, 0x3838, 0x2288, 0x3938, 0x2288, 0x7FFE, 0x4002, 0x8104, 0x0100, 0x3FF8, 0x0100, 0x0100, 0xFFFE, 0x0000}},
    {0x58E9, 16, {0x27FC, 0x2040, 0x2FFE, 0x2842, 0x2358, 0xF500, 0x2FBC, 0x2524, 0x2724, 0x223C, 0x2FA4, 0x3AA4, 0xEFBC, 0x4224, 0x1FA4, 0x024C}},
    {0x58EB, 16, {0x0100, 0x0100, 0x0100, 0x0100, 0x0100, 0x0100, 0xFFFE, 0x0100, 0x0100, 0x0100, 0x0100, 0x0100, 0x0100, 0x0100, 0x3FF8, 0x0000}},
    {0x58FD, 16, {0x0100, 0x7FFC, 0x0100, 0x3FF8, 0x0000, 0xFFFE, 0x0002, 0x3FF0, 0x0100, 0xFFFE, 0x0000, 0x7FFC, 0x0010, 0x7DFC, 0x4490, 0x7C30}},
    {0x590F, 16, {0x7FFC, 0x0200, 0x1FF0, 0x1010, 0x1FF0, 0x1010, 0x1FF0, 0x1010, 0x1FF0, 0x0800, 0x1FF0, 0x2820, 0x4440, 0x0380, 0x1C70, 0xE00E}},
    {0x5916, 16, {0x1040, 0x1040, 0x1040, 0x1040, 0x3E40, 0x2260, 0x4250, 0x4248, 0xA444, 0x1444, 0x0840, 0x0840, 0x1040, 0x2040, 0x4040, 0x8040}},
    {0x591A, 16, {0x0200, 0x0200, 0x07F0, 0x0820, 0x3840, 0x0480, 0x0340, 0x0C80, 0x71F8, 0x0208, 0x0C10, 0x3220, 0x0140, 0x0180, 0x0E00, 0x7000}},
    {0x591C, 16, {0x0200, 0x0100, 0xFFFE, 0x0880, 0x0880, 0x10F8, 0x1108, 0x3148, 0x5228, 0x9510, 0x1110, 0x10A0, 0x1040, 0x10A0, 0x1118, 0x1606}},
    {0x5927, 16, {0x0100, 0x0100, 0x0100, 0x0100, 0x0100, 0xFFFE, 0x0100, 0x0100, 0x0280, 0x0280, 0x0440, 0x0440, 0x0820, 0x1010, 0x2008, 0xC006}},
    {0x5929, 16, {0x0000, 0x3FF8, 0x0100, 0x0100, 0x0100, 0x0100, 0xFFFE, 0x0100, 0x0280, 0x0280, 0x0440, 0x0440, 0x0820, 0x1010, 0x2008, 0xC006}},
    {0x592A, 16, {0x0100, 0x0100, 0x0100, 0x0100, 0x0100, 0xFFFE, 0x0100, 0x0100, 0x0280, 0x0280, 0x0440, 0x0440, 0x0A20, 0x1110, 0x2108, 0xC006}},
    {0x592B, 16, {0x0100, 0x0100, 0x0100, 0x0100, 0x3FF8, 0x0100, 0x0100, 0x0100, 0xFFFE, 0x0280, 0x0440, 0x0440, 0x0820, 0x1010, 0x2008, 0xC006}},
    {0x592E, 16, {0x0100, 0x0100, 0x0100, 0x1FF0, 0x1110, 0x1110, 0x1110, 0x1110, 0x1110, 0xFFFE, 0x0280, 0x0280, 0x0440, 0x0820, 0x3018, 0xC006}},
    {0x5931, 16, {0x0100, 0x1100, 0x1100, 0x1100, 0x1FF8, 0x2100, 0x4100, 0x0100, 0xFFFE, 0x0100, 0x0280, 0x0280, 0x0440, 0x0820, 0x1010, 0x600C}},
    {0x5957, 16, {0x0100, 0x0100, 0x7FFC, 0x0280, 0x0440, 0x0FF0, 0x3418, 0xC7E6, 0x0400, 0x07E0, 0x0400, 0xFFFE, 0x0400, 0x0810, 0x1FF8, 0x0008}},
    {0x5967, 16, {0x0200, 0x0400, 0x3FF8, 0x2068, 0x2FA8, 0x2548, 0x2FE8, 0x2348, 0x2528, 0x2808, 0x0100, 0x7FFC, 0x0280, 0x0C60, 0x3018, 0xC006}},
    {0x5973, 16, {0x0200, 0x0200, 0x0200, 0x0200, 0x0400, 0xFFFE, 0x0420, 0x0820, 0x0820, 0x1040, 0x1840, 0x0680, 0x0180, 0x0660, 0x1810, 0x6008}},
    {0x5976, 16, {0x1000, 0x1000, 0x13F8, 0x1088, 0xFC90, 0x2490, 0x24A0, 0x24BC, 0x2484, 0x4884, 0x2904, 0x1104, 0x2904, 0x4604, 0x8228, 0x0410}},
    {0x597D, 16, {0x1000, 0x10FC, 0x1004, 0x1008, 0xFC10, 0x2420, 0x2420, 0x25FE, 0x2420, 0x4820, 0x2820, 0x1020, 0x2820, 0x4420, 0x84A0, 0x0040}},
    {0x5982, 16, {0x1000, 0x1000, 0x1000, 0x107C, 0xFE44, 0x2244, 0x2244, 0x2244, 0x4244, 0x2444, 0x1444, 0x0844, 0x1444, 0x227C, 0x4244, 0x8000}},
    {0x5999, 16, {0x1020, 0x1020, 0x1020, 0x10A8, 0xFCA4, 0x24A2, 0x2522, 0x2520, 0x2624, 0x4824, 0x2828, 0x1008, 0x2810, 0x4420, 0x80C0, 0x0300}},
    {0x59CB, 16, {0x1020, 0x1020, 0x1020, 0x1040, 0xFC48, 0x2484, 0x25FE, 0x2482, 0x2400, 0x48FC, 0x2884, 0x1084, 0x2884, 0x4484, 0x80FC, 0x0084}},
    {0x59D4, 16, {0x0070, 0x1F80, 0x0100, 0x0100, 0xFFFE, 0x0540, 0x0920, 0x3118, 0xC206, 0x0200, 0xFFFE, 0x0820, 0x1C40, 0x0380, 0x0C70, 0x7008}},
    {0x5A01, 16, {0x0028, 0x0024, 0x0020, 0x3FFE, 0x2020, 0x2020, 0x3FE4, 0x2224, 0x2224, 0x3FA8, 0x24A8, 0x2890, 0x2512, 0x422A, 0x4546, 0x9882}},
    {0x5A18, 16, {0x1040, 0x1020, 0x11FC, 0x1104, 0xFD04, 0x25FC, 0x2504, 0x2504, 0x25FC, 0x4920, 0x2922, 0x1114, 0x2908, 0x4544, 0x8582, 0x0100}},
    {0x5A1B, 16, {0x2000, 0x20F8, 0x2088, 0x2088, 0xFAF8, 0x4A00, 0x4A00, 0x4BFC, 0x8844, 0x4844, 0x37FE, 0x1040, 0x28A0, 0x4910, 0x8208, 0x0406}},
    {0x5ABD, 16, {0x2000, 0x21FE, 0x2120, 0x21FC, 0xF920, 0x49FC, 0x4920, 0x4920, 0x89FE, 0x4802, 0x32AA, 0x12AA, 0x2AAA, 0x4A02, 0x8014, 0x0008}},
    {0x5B50, 16, {0x0000, 0x7FF8, 0x0010, 0x0020, 0x0040, 0x0180, 0x0100, 0xFFFE, 0x0100, 0x0100, 0x0100, 0x0100, 0x0100, 0x0100, 0x0500, 0x0200}},
    {0x5B54, 16, {0x0040, 0x7E40, 0x0240, 0x0440, 0x0840, 0x0840, 0x0A40, 0x0C40, 0x3840, 0xC840, 0x0840, 0x0842, 0x0842, 0x0842, 0x283E, 0x1000}},
    {0x5B56, 16, {0x0000, 0x7EFC, 0x0204, 0x0408, 0x0810, 0x0820, 0x0A20, 0x0DFE, 0x3820, 0xC820, 0x0820, 0x0820, 0x0820, 0x0820, 0x28A0, 0x1040}},
    {0x5B57, 16, {0x0200, 0x0100, 0x7FFE, 0x4002, 0x8004, 0x1FE0, 0x0040, 0x0080, 0x0100, 0xFFFE, 0x0100, 0x0100, 0x0100, 0x0100, 0x0500, 0x0200}},
    {0x5B58, 16, {0x0400, 0x0400, 0xFFFE, 0x0800, 0x0800, 0x13F8, 0x1010, 0x3020, 0x5040, 0x97FE, 0x1040, 0x1040, 0x1040, 0x1040, 0x1140, 0x1080}},
    {0x5B5A, 16, {0x00F8, 0x7F00, 0x2210, 0x1110, 0x1120, 0x0000, 0x1FE0, 0x0040, 0x0080, 0x0100, 0xFFFE, 0x0100, 0x0100, 0x0100, 0x0500, 0x0200}},
    {0x5B5D, 16, {0x0200, 0x0208, 0x3FD0, 0x0220, 0x0240, 0xFFFE, 0x0100, 0x0200, 0x3FE0, 0x1040, 0x2080, 0x5FFC, 0x8080, 0x0080, 0x0280, 0x0100}},
    {0x5B5F, 16, {0x0000, 0x1FE0, 0x0040, 0x0180, 0xFFFE, 0x0100, 0x0100, 0x0500, 0x0200, 0x3FF8, 0x2448, 0x2448, 0x2448, 0x2448, 0xFFFE, 0x0000}},
    {0x5B6B, 16, {0x000C, 0xFDF0, 0x0420, 0x0844, 0x1088, 0x11F0, 0x1420, 0x1844, 0x31FE, 0xD022, 0x1020, 0x10A8, 0x1124, 0x1222, 0x50A0, 0x2040}},
    {0x5B78, 16, {0x0A80, 0x3138, 0x2288, 0x3838, 0x2288, 0x3938, 0x2288, 0x7FFE, 0x4002, 0xBFE4, 0x0080, 0x0100, 0xFFFE, 0x0100, 0x0500, 0x0200}},
    {0x5B88, 16, {0x0200, 0x0100, 0x7FFE, 0x4002, 0x8044, 0x0040, 0x0040, 0xFFFE, 0x0040, 0x0040, 0x1040, 0x0840, 0x0840, 0x0040, 0x0140, 0x0080}},
    {0x5B89, 16, {0x0200, 0x0100, 0x3FFC, 0x2004, 0x4208, 0x0200, 0x0200, 0xFFFE, 0x0420, 0x0820, 0x1840, 0x0640, 0x0180, 0x0260, 0x0C10, 0x7008}},
    {0x5B8B, 16, {0x0200, 0x0100, 0x7FFE, 0x4002, 0x8104, 0x0100, 0x0100, 0x7FFC, 0x0380, 0x0540, 0x0920, 0x1110, 0x2108, 0xC106, 0x0100, 0x0100}},
    {0x5B8C, 16, {0x0200, 0x0100, 0x7FFE, 0x4002, 0x8004, 0x1FF0, 0x0000, 0x0000, 0x7FFC, 0x0440, 0x0440, 0x0440, 0x0844, 0x0844, 0x1044, 0x603C}},
    {0x5B8F, 16, {0x0200, 0x0100, 0x7FFE, 0x4002, 0x8204, 0x0200, 0x7FFC, 0x0400, 0x0480, 0x0880, 0x0900, 0x1100, 0x2220, 0x4410, 0x8FF8, 0x0408}},
    {0x5B97, 16, {0x0200, 0x0100, 0x0100, 0x7FFE, 0x4002, 0x8004, 0x1FF0, 0x0000, 0x0000, 0x7FFC, 0x0100, 0x1110, 0x1108, 0x2104, 0x4504, 0x0200}},
    {0x5B98, 16, {0x0200, 0x0100, 0x7FFE, 0x4002, 0x8004, 0x1FF0, 0x1010, 0x1010, 0x1FF0, 0x1000, 0x1000, 0x1FF8, 0x1008, 0x1008, 0x1FF8, 0x1008}},
    {0x5B9A, 16, {0x0200, 0x0100, 0x7FFE, 0x4002, 0x8004, 0x0000, 0x3FF8, 0x0100, 0x0100, 0x1100, 0x11F8, 0x1100, 0x1100, 0x2900, 0x47FE, 0x8000}},
    {0x5B9C, 16, {0x0200, 0x0100, 0x7FFE, 0x4002, 0x8004, 0x1FF0, 0x1010, 0x1010, 0x1FF0, 0x1010, 0x1010, 0x1FF0, 0x1010, 0x1010, 0xFFFE, 0x0000}},
    {0x5BA2, 16, {0x0200, 0x0100, 0x7FFE, 0x4002, 0x8804, 0x0FF0, 0x1020, 0x2C40, 0x0380, 0x1C70, 0xE00E, 0x1FF0, 0x1010, 0x1010, 0x1FF0, 0x1010}},
    {0x5BA3, 16, {0x0200, 0x0100, 0x7FFE, 0x4002, 0x8004, 0x3FF8, 0x0000, 0x1FF0, 0x1010, 0x1FF0, 0x1010, 0x1FF0, 0x1010, 0x0000, 0xFFFE, 0x0000}},
    {0x5BAE, 16, {0x0200, 0x0100, 0x7FFE, 0x4002, 0x8004, 0x1FF0, 0x1010, 0x1010, 0x1FF0, 0x0200, 0x0400, 0x3FF8, 0x2008, 0x2008, 0x3FF8, 0x2008}},
    {0x5BB6, 16, {0x0200, 0x0100, 0x7FFE, 0x4002, 0x8004, 0x7FFC, 0x0200, 0x0D08, 0x7190, 0x02A0, 0x0CC0, 0x71A0, 0x0698, 0x1886, 0xE280, 0x0100}},
    {0x5BB9, 16, {0x0200, 0x0100, 0x7FFE, 0x4002, 0x8824, 0x1110, 0x2288, 0x0440, 0x0820, 0x3018, 0xDFF6, 0x1010, 0x1010, 0x1010, 0x1FF0, 0x1010}},
    {0x5BBF, 16, {0x0200, 0x0100, 0x7FFE, 0x4002, 0x8804, 0x0FFC, 0x1040, 0x3080, 0x53F8, 0x9208, 0x1208, 0x13F8, 0x1208, 0x1208, 0x13F8, 0x1208}},
    {0x5BC6, 16, {0x0200, 0x0100, 0x7FFE, 0x4002, 0x8224, 0x0940, 0x2888, 0x4B14, 0x1C10, 0xE7F0, 0x0100, 0x2108, 0x2108, 0x2108, 0x3FF8, 0x0008}},
    {0x5BCC, 16, {0x0200, 0x0100, 0x7FFE, 0x4002, 0xBFFC, 0x0000, 0x1FF0, 0x1010, 0x1FF0, 0x0000, 0x3FF8, 0x2108, 0x3FF8, 0x2108, 0x3FF8, 0x2008}},
    {0x5BD2, 16, {0x0200, 0x0100, 0x7FFE, 0x4442, 0x9FF4, 0x0440, 0x3FF8, 0x0440, 0xFFFE, 0x0820, 0x1310, 0x2088, 0xC046, 0x0600, 0x0180, 0x0040}},
    {0x5BDF, 16, {0x0100, 0x7FFE, 0x4002, 0x9084, 0x1EF8, 0x2288, 0x5450, 0x2820, 0x17D8, 0x2006, 0xDFF0, 0x0100, 0x1110, 0x2108, 0x4504, 0x0200}},
    {0x5BE6, 16, {0x0100, 0x7FFE, 0x4002, 0x9FF4, 0x1110, 0xFFFE, 0x2210, 0x3FF0, 0x1010, 0x1FF0, 0x1010, 0x1FF0, 0x1010, 0x1FF0, 0x0820, 0x1010}},
    {0x5BE7, 16, {0x0100, 0x7FFE, 0x4102, 0x9494, 0x14A8, 0x23E8, 0x0000, 0x3FF8, 0x2448, 0xFFFE, 0x0000, 0x3FF8, 0x0100, 0x0100, 0x0500, 0x0200}},
    {0x5BE8, 16, {0x0100, 0x7FFE, 0x4442, 0x9FF4, 0x0440, 0x3FF8, 0x0440, 0xFFFE, 0x0820, 0x1110, 0x2FE8, 0xC106, 0x0920, 0x1110, 0x2508, 0x0200}},
    {0x5BE9, 16, {0x0100, 0x7FFE, 0x4002, 0x80FC, 0x3F00, 0x1110, 0x0920, 0xFFFE, 0x0920, 0x3018, 0xDFF6, 0x1110, 0x1FF0, 0x1110, 0x1FF0, 0x1010}},
    {0x5BEB, 16, {0x0100, 0x7FFE, 0x4002, 0x8204, 0x1CF0, 0x1010, 0x1EF0, 0x1010, 0x1FF0, 0x0800, 0x1FFC, 0x2004, 0x4924, 0x2494, 0x2494, 0x4008}},
    {0x5BEE, 16, {0x0100, 0x7FFE, 0x4002, 0x8104, 0x7FFC, 0x0440, 0x2828, 0x1FF0, 0x2828, 0xCFE6, 0x0820, 0x0FE0, 0x0100, 0x1110, 0x2508, 0x0200}},
    {0x5BF6, 16, {0x0100, 0x7FFE, 0x4082, 0xBEFC, 0x0920, 0x3EFC, 0x0820, 0x7EA4, 0x00FC, 0x1FF0, 0x1010, 0x1FF0, 0x1010, 0x1FF0, 0x0820, 0x1010}},
    {0x5BFA, 16, {0x0100, 0x0100, 0x0100, 0x3FF8, 0x0100, 0x0100, 0xFFFE, 0x0020, 0x0020, 0x7FFC, 0x0820, 0x0420, 0x0420, 0x0020, 0x00A0, 0x0040}},
    {0x5C01, 16, {0x0808, 0x0808, 0x0808, 0x7F08, 0x087E, 0x0808, 0xFF08, 0x0048, 0x0828, 0x0828, 0x7F08, 0x0808, 0x0808, 0x0F08, 0xF028, 0x4010}},
    {0x5C07, 16, {0x0440, 0x247C, 0x24C4, 0x2528, 0x2490, 0x3CA0, 0x0448, 0x0588, 0xFC08, 0x25FE, 0x2408, 0x2488, 0x2448, 0x4408, 0x8428, 0x0410}},
    {0x5C08, 16, {0x0100, 0x7FFC, 0x0100, 0x3FF8, 0x2108, 0x3FF8, 0x2108, 0x3FF8, 0x0104, 0xFFFE, 0x0022, 0xFFFE, 0x0820, 0x0420, 0x04A0, 0x0040}},
    {0x5C0A, 16, {0x0820, 0x0440, 0xFFFE, 0x0440, 0x3FF8, 0x2848, 0x3038, 0x27C8, 0x2008, 0x3FF8, 0x0020, 0xFFFE, 0x0820, 0x0420, 0x04A0, 0x0040}},
    {0x5C0B, 16, {0x0000, 0x3FF0, 0x0010, 0x1FF0, 0x0010, 0x3FF0, 0x0000, 0x3E7C, 0x0844, 0x7F7C, 0x0020, 0xFFFE, 0x0820, 0x0420, 0x04A0, 0x0040}},
    {0x5C0D, 16, {0x1408, 0x1408, 0x5508, 0x3608, 0x147E, 0xFF08, 0x0008, 0x2248, 0x1428, 0x7F28, 0x0808, 0x3E08, 0x0808, 0x0F08, 0x7828, 0x2010}},
    {0x5C0E, 16, {0x2110, 0x17FE, 0x1080, 0x03F8, 0xF208, 0x13F8, 0x1208, 0x13F8, 0x1208, 0x13F8, 0x2800, 0x47FE, 0x0020, 0xFFFE, 0x0820, 0x0460}},
    {0x5C0F, 16, {0x0100, 0x0100, 0x0100, 0x0100, 0x0100, 0x1110, 0x1108, 0x1104, 0x2104, 0x2102, 0x4102, 0x8102, 0x0100, 0x0100, 0x0500, 0x0200}},
    {0x5C11, 16, {0x0100, 0x0100, 0x0100, 0x0920, 0x0910, 0x1108, 0x1104, 0x2114, 0x4110, 0x0120, 0x0040, 0x0080, 0x0100, 0x0200, 0x0C00, 0x7000}},
    {0x5C16, 16, {0x0100, 0x0100, 0x0920, 0x0910, 0x1108, 0x2104, 0x4104, 0x0000, 0x0100, 0x0100, 0xFFFE, 0x0280, 0x0440, 0x0820, 0x3018, 0xC006}},
    {0x5C1A, 16, {0x0100, 0x2108, 0x1110, 0x0920, 0x0100, 0x3FF8, 0x2008, 0x2008, 0x27C8, 0x2448, 0x2448, 0x2448, 0x27C8, 0x2008, 0x2028, 0x2010}},
    {0x5C3C, 16, {0x0000, 0x1FFC, 0x1004, 0x1004, 0x1004, 0x1FFC, 0x1000, 0x1200, 0x120C, 0x1230, 0x13C0, 0x1202, 0x2202, 0x2202, 0x41FE, 0x8000}},
    {0x5C3E, 16, {0x0000, 0x3FFC, 0x2004, 0x2004, 0x3FFC, 0x2000, 0x20F0, 0x2F00, 0x2100, 0x21F0, 0x2F00, 0x2100, 0x21F8, 0x5F02, 0x4102, 0x80FE}},
    {0x5C40, 16, {0x0000, 0x3FF8, 0x2008, 0x2008, 0x3FF8, 0x2000, 0x2000, 0x3FFC, 0x2004, 0x27E4, 0x2424, 0x2424, 0x47E4, 0x4004, 0x8028, 0x0010}},
    {0x5C45, 16, {0x0000, 0x3FF8, 0x2008, 0x2008, 0x3FF8, 0x2080, 0x2080, 0x3FFE, 0x2080, 0x2080, 0x2FF8, 0x2808, 0x4808, 0x4808, 0x8FF8, 0x0808}},
    {0x5C4B, 16, {0x0000, 0x3FFC, 0x2004, 0x2004, 0x3FFC, 0x2000, 0x2FFC, 0x2100, 0x2210, 0x27F8, 0x2088, 0x2080, 0x2FFC, 0x4080, 0x4080, 0xBFFE}},
    {0x5C4F, 16, {0x0000, 0x3FF8, 0x2008, 0x2008, 0x3FF8, 0x2410, 0x2220, 0x2FF8, 0x2220, 0x2220, 0x3FFC, 0x2220, 0x4220, 0x4420, 0x8420, 0x0820}},
    {0x5C55, 16, {0x3FFC, 0x2004, 0x2004, 0x3FFC, 0x2220, 0x2220, 0x3FFC, 0x2220, 0x2220, 0x3FFC, 0x2440, 0x2444, 0x2428, 0x4510, 0x4608, 0x8406}},
    {0x5C6F, 16, {0x0100, 0x0100, 0x0100, 0xFFFE, 0x0100, 0x2108, 0x2108, 0x2108, 0x2108, 0x3FF8, 0x0100, 0x0102, 0x0102, 0x0102, 0x00FE, 0x0000}},
    {0x5C71, 16, {0x0100, 0x0100, 0x0100, 0x0100, 0x2108, 0x2108, 0x2108, 0x2108, 0x2108, 0x2108, 0x2108, 0x2108, 0x2108, 0x3FF8, 0x0008, 0x0000}},
    {0x5CA9, 16, {0x0100, 0x2108, 0x2108, 0x2108, 0x3FF8, 0x0000, 0x0000, 0x7FFC, 0x0400, 0x0400, 0x0FF8, 0x1808, 0x2808, 0xC808, 0x0FF8, 0x0808}},
    {0x5CB8, 16, {0x0100, 0x2108, 0x2108, 0x3FF8, 0x0000, 0x3FFC, 0x2000, 0x2FF8, 0x2080, 0x2080, 0x3FFE, 0x2080, 0x4080, 0x4080, 0x8080, 0x0080}},
    {0x5CEF, 16, {0x0100, 0x4104, 0x7FFC, 0x0800, 0x1FF0, 0x2820, 0x07C0, 0x1830, 0xE10E, 0x1FF0, 0x0100, 0x1FF0, 0x0100, 0x7FFC, 0x0100, 0x0100}},
    {0x5CF0, 16, {0x1040, 0x1040, 0x10FC, 0x1088, 0x5550, 0x5420, 0x54D8, 0x5726, 0x54F8, 0x5420, 0x54F8, 0x5C20, 0x67FE, 0x0020, 0x0020, 0x0020}},
    {0x5CF6, 16, {0x0200, 0x0400, 0x1FF0, 0x1010, 0x1FF0, 0x1010, 0x1FF0, 0x1000, 0x1FFC, 0x1000, 0x1FFC, 0x0204, 0x2224, 0x3FE4, 0x0028, 0x0010}},
    {0x5CFB, 16, {0x2040, 0x2040, 0x2088, 0x2104, 0xABFE, 0xA802, 0xA888, 0xA944, 0xAA42, 0xA8F8, 0xA988, 0xBA50, 0xC820, 0x0050, 0x0188, 0x0606}},
    {0x5CFD, 16, {0x1020, 0x1020, 0x1020, 0x13FE, 0x5420, 0x5420, 0x5524, 0x5524, 0x5524, 0x56AA, 0x5420, 0x5C50, 0x6450, 0x0088, 0x0104, 0x0202}},
    {0x5D07, 16, {0x0100, 0x2108, 0x2108, 0x3FF8, 0x0200, 0x0100, 0x7FFE, 0x4002, 0x9FF4, 0x0000, 0x7FFC, 0x0100, 0x1110, 0x2108, 0x4504, 0x0200}},
    {0x5D17, 16, {0x0100, 0x2108, 0x2108, 0x3FF8, 0x0000, 0x7FFC, 0x4824, 0x4444, 0x5FF4, 0x4104, 0x4924, 0x4924, 0x4924, 0x4FE4, 0x4014, 0x4008}},
    {0x5DBA, 16, {0x0100, 0x4104, 0x7FFC, 0x1000, 0x13FC, 0x2840, 0x45F8, 0x9308, 0x09F8, 0xFD08, 0x05F8, 0x0908, 0x51F8, 0x2000, 0x1090, 0x0108}},
    {0x5DBC, 16, {0x2140, 0x224C, 0x2264, 0x2244, 0xAB4C, 0xAA64, 0xAAA4, 0xABAC, 0xAAA4, 0xAAA4, 0xAFFE, 0xB800, 0xC910, 0x0108, 0x0204, 0x0404}},
    {0x5DD2, 16, {0x2104, 0x47C8, 0x8812, 0xF3BC, 0x2008, 0x4B92, 0xF83E, 0x0380, 0xAAAA, 0xABAA, 0x0100, 0x2108, 0x2108, 0x2108, 0x3FF8, 0x0008}},
    {0x5DDD, 16, {0x1004, 0x1084, 0x1084, 0x1084, 0x1084, 0x1084, 0x1084, 0x1084, 0x1084, 0x1084, 0x1084, 0x1084, 0x2084, 0x2084, 0x4004, 0x8004}},
    {0x5DDE, 16, {0x1004, 0x1084, 0x1084, 0x1084, 0x1084, 0x54A4, 0x5294, 0x5294, 0x9084, 0x1084, 0x1084, 0x1084, 0x2084, 0x2084, 0x4004, 0x8004}},
    {0x5DE5, 16, {0x0000, 0x0000, 0x7FFC, 0x0100, 0x0100, 0x0100, 0x0100, 0x0100, 0x0100, 0x0100, 0x0100, 0x0100, 0x0100, 0xFFFE, 0x0000, 0x0000}},
    {0x5DE7, 16, {0x0000, 0x03FE, 0xFC40, 0x1040, 0x1080, 0x1080, 0x1100, 0x11FC, 0x1004, 0x1004, 0x1E04, 0xE004, 0x4004, 0x0004, 0x0028, 0x0010}},
    {0x5DF2, 16, {0x0000, 0x3FF0, 0x0010, 0x0010, 0x0010, 0x2010, 0x2010, 0x3FF0, 0x2000, 0x2000, 0x2000, 0x2004, 0x2004, 0x2004, 0x1FFC, 0x0000}},
    {0x5DF4, 16, {0x0000, 0x3FF8, 0x2108, 0x2108, 0x2108, 0x2108, 0x2108, 0x3FF8, 0x2008, 0x2000, 0x2000, 0x2002, 0x2002, 0x2002, 0x1FFE, 0x0000}},
    {0x5DFF, 16, {0x0100, 0x0100, 0xFFFE, 0x0100, 0x0100, 0x0100, 0x3FF8, 0x2108, 0x2108, 0x2108, 0x2108, 0x2128, 0x2110, 0x0100, 0x0100, 0x0100}},
    {0x5E02, 16, {0x0200, 0x0100, 0x0000, 0x7FFC, 0x0100, 0x0100, 0x0100, 0x3FF8, 0x2108, 0x2108, 0x2108, 0x2108, 0x2128, 0x2110, 0x0100, 0x0100}},
    {0x5E03, 16, {0x0200, 0x0200, 0x0200, 0xFFFE, 0x0400, 0x0900, 0x1100, 0x3FF8, 0x5108, 0x9108, 0x1108, 0x1108, 0x1128, 0x1110, 0x0100, 0x0100}},
    {0x5E0C, 16, {0x1818, 0x0660, 0x0180, 0x0660, 0x3A18, 0x0200, 0xFFFE, 0x0480, 0x0880, 0x1FF8, 0x2888, 0x4888, 0x88A8, 0x0890, 0x0080, 0x0080}},
    {0x5E1D, 16, {0x0200, 0x0100, 0x3FF8, 0x0000, 0x0820, 0x0440, 0x7FFE, 0x4102, 0x8104, 0x1FF0, 0x1110, 0x1110, 0x1150, 0x1120, 0x0100, 0x0100}},
    {0x5E2B, 16, {0x1000, 0x23FE, 0x7C20, 0x4420, 0x4420, 0x45FC, 0x7D24, 0x4124, 0x4124, 0x7D24, 0x4524, 0x4534, 0x4528, 0x7C20, 0x4420, 0x0020}},
    {0x5E38, 16, {0x0100, 0x1110, 0x0920, 0x7FFE, 0x4002, 0x8FE4, 0x0820, 0x0820, 0x0FE0, 0x0100, 0x1FF0, 0x1110, 0x1110, 0x1150, 0x1120, 0x0100}},
    {0x5E3D, 16, {0x2000, 0x23FC, 0x2204, 0xFAF4, 0xAA04, 0xAAF4, 0xAA04, 0xA800, 0xA9F8, 0xA908, 0xA9F8, 0xB908, 0x21F8, 0x2108, 0x21F8, 0x2108}},
    {0x5E55, 16, {0x0440, 0x7FFC, 0x0440, 0x1FF0, 0x1010, 0x1FF0, 0x1010, 0x1FF0, 0x0400, 0xFFFE, 0x1110, 0x3FF8, 0xD116, 0x1150, 0x1120, 0x0100}},
    {0x5E72, 16, {0x0000, 0x3FF8, 0x0100, 0x0100, 0x0100, 0x0100, 0x0100, 0xFFFE, 0x0100, 0x0100, 0x0100, 0x0100, 0x0100, 0x0100, 0x0100, 0x0100}},
    {0x5E73, 16, {0x0000, 0x7FFC, 0x0100, 0x0100, 0x1110, 0x0910, 0x0920, 0x0100, 0xFFFE, 0x0100, 0x0100, 0x0100, 0x0100, 0x0100, 0x0100, 0x0100}},
    {0x5E74, 16, {0x1000, 0x1000, 0x1FFC, 0x2080, 0x2080, 0x4080, 0x1FF8, 0x1080, 0x1080, 0x1080, 0xFFFE, 0x0080, 0x0080, 0x0080, 0x0080, 0x0080}},
    {0x5E79, 16, {0x1020, 0x1020, 0x1050, 0xFE50, 0x1088, 0x7D04, 0x46FA, 0x7C20, 0x4420, 0x7C20, 0x11FC, 0xFE20, 0x1020, 0x1020, 0x1020, 0x1020}},
    {0x5E7C, 16, {0x1040, 0x1040, 0x2040, 0x2040, 0x45FC, 0x4444, 0xF844, 0x0844, 0x1044, 0x1084, 0x2884, 0x4484, 0xFD04, 0x4504, 0x0228, 0x0410}},
    {0x5E7E, 16, {0x1110, 0x2120, 0x4544, 0x7978, 0x1110, 0x2524, 0x7D7C, 0x1524, 0x1110, 0xFFFE, 0x1080, 0x1088, 0x2852, 0x2422, 0x405A, 0x8186}},
    {0x5E87, 16, {0x0100, 0x0080, 0x3FFE, 0x2000, 0x2420, 0x2420, 0x2424, 0x2428, 0x2730, 0x2420, 0x2420, 0x2422, 0x4522, 0x4622, 0x841E, 0x0000}},
    {0x5E8F, 16, {0x0100, 0x0080, 0x3FFE, 0x2000, 0x23F8, 0x2010, 0x20A0, 0x2040, 0x2FFE, 0x2042, 0x2044, 0x2040, 0x4040, 0x4040, 0x8140, 0x0080}},
    {0x5E95, 16, {0x0100, 0x0080, 0x3FFE, 0x2000, 0x203C, 0x27C0, 0x2440, 0x2440, 0x2440, 0x27FE, 0x2420, 0x2420, 0x2412, 0x450A, 0x4646, 0x8422}},
    {0x5E97, 16, {0x0100, 0x0080, 0x3FFE, 0x2080, 0x2080, 0x2080, 0x20FC, 0x2080, 0x2080, 0x27F8, 0x2408, 0x2408, 0x4408, 0x4408, 0x87F8, 0x0408}},
    {0x5E9C, 16, {0x0100, 0x0080, 0x3FFE, 0x2000, 0x2208, 0x2208, 0x2408, 0x24FE, 0x2C08, 0x3488, 0x2448, 0x2448, 0x4408, 0x4408, 0x8428, 0x0410}},
    {0x5EA6, 16, {0x0100, 0x0080, 0x3FFE, 0x2220, 0x2220, 0x3FFC, 0x2220, 0x2220, 0x23E0, 0x2000, 0x2FF0, 0x2410, 0x4220, 0x41C0, 0x8630, 0x380E}},
    {0x5EA7, 16, {0x0100, 0x0080, 0x3FFE, 0x2080, 0x2490, 0x2490, 0x2490, 0x2AA8, 0x31C4, 0x2080, 0x2FF8, 0x2080, 0x4080, 0x4080, 0xBFFE, 0x0000}},
    {0x5EAB, 16, {0x0100, 0x0080, 0x3FFE, 0x2080, 0x3FFC, 0x2080, 0x2FF8, 0x2888, 0x2FF8, 0x2888, 0x2FF8, 0x2080, 0x5FFE, 0x4080, 0x8080, 0x0080}},
    {0x5EAD, 16, {0x0100, 0x0080, 0x3FFE, 0x2000, 0x2E0E, 0x22F0, 0x2410, 0x2410, 0x2EFE, 0x2210, 0x2210, 0x2AFE, 0x4400, 0x4600, 0x89FE, 0x1000}},
    {0x5EB5, 16, {0x0100, 0x0080, 0x3FFE, 0x2000, 0x2080, 0x2FFC, 0x2120, 0x2210, 0x2488, 0x2FF6, 0x3490, 0x27F0, 0x2490, 0x47F2, 0x4082, 0x807E}},
    {0x5EB6, 16, {0x0100, 0x0080, 0x3FFE, 0x2000, 0x2220, 0x2220, 0x3FFC, 0x2220, 0x2220, 0x2220, 0x23E0, 0x2000, 0x4A48, 0x4924, 0x9124, 0x0000}},
    {0x5EB7, 16, {0x0100, 0x0080, 0x3FFE, 0x2080, 0x2FF8, 0x2088, 0x3FFE, 0x2088, 0x2FF8, 0x2880, 0x24C4, 0x22A8, 0x4490, 0x4888, 0x9286, 0x0100}},
    {0x5EC8, 16, {0x0100, 0x0080, 0x3FFE, 0x2000, 0x2FFC, 0x2080, 0x27F8, 0x2408, 0x27F8, 0x2408, 0x27F8, 0x2200, 0x27F8, 0x4A08, 0x41F0, 0x9E0E}},
    {0x5ECA, 16, {0x0100, 0x0080, 0x3FFE, 0x2200, 0x2100, 0x2FBE, 0x28A2, 0x2FA4, 0x28A8, 0x2FA4, 0x2A22, 0x2922, 0x2AAA, 0x4CA4, 0x4820, 0x8020}},
    {0x5EDF, 16, {0x0100, 0x0080, 0x3FFE, 0x2200, 0x2FBC, 0x2224, 0x2FA4, 0x28BC, 0x2FA4, 0x28A4, 0x2FBC, 0x2224, 0x5FA4, 0x4244, 0x8254, 0x0288}},
    {0x5EE0, 16, {0x0080, 0x7FFE, 0x4208, 0x5248, 0x4A50, 0x4A9E, 0x5FE4, 0x5054, 0x5754, 0x5554, 0x5548, 0x5748, 0x5048, 0x5154, 0x5094, 0x8022}},
    {0x5EE3, 16, {0x0100, 0x0080, 0x3FFE, 0x2220, 0x2FF8, 0x2220, 0x3FFC, 0x2080, 0x2FF8, 0x2888, 0x2FF8, 0x2888, 0x4FF8, 0x4220, 0x8410, 0x0808}},
    {0x5EF6, 16, {0x0008, 0x003C, 0xF9E0, 0x0820, 0x1020, 0x1120, 0x213C, 0x7920, 0x0920, 0x0920, 0x4920, 0x31FC, 0x1000, 0x2C00, 0x43FE, 0x8000}},
    {0x5EFA, 16, {0x0040, 0x0040, 0xFBF8, 0x0848, 0x17FE, 0x1048, 0x23F8, 0x7840, 0x0BF8, 0x0840, 0x4840, 0x37FC, 0x1040, 0x2C40, 0x43FE, 0x8000}},
    {0x5F0F, 16, {0x0048, 0x0044, 0x0044, 0x0040, 0xFFFE, 0x0040, 0x0040, 0x3E40, 0x0840, 0x0840, 0x0820, 0x0822, 0x0F12, 0x780A, 0x2006, 0x0002}},
    {0x5F15, 16, {0x0008, 0x7F08, 0x0108, 0x0108, 0x0108, 0x3F08, 0x2008, 0x2008, 0x4008, 0x7F08, 0x0108, 0x0108, 0x0108, 0x0108, 0x0A08, 0x0408}},
    {0x5F35, 16, {0x0000, 0xF8FC, 0x0880, 0x08F8, 0x0880, 0x78F8, 0x4080, 0x47FE, 0x4140, 0x7924, 0x0928, 0x0910, 0x0908, 0x0944, 0x5182, 0x2100}},
    {0x5F37, 16, {0x0020, 0xF840, 0x0888, 0x0904, 0x0BFE, 0x7822, 0x4020, 0x43FE, 0x4222, 0x7A22, 0x0BFE, 0x0820, 0x0824, 0x0822, 0x57FE, 0x2002}},
    {0x5F3C, 16, {0x0000, 0xF01E, 0x17C2, 0x1102, 0x1202, 0xF7DE, 0x8450, 0x8450, 0x8450, 0xF7DE, 0x1442, 0x1442, 0x1442, 0x17C2, 0xA454, 0x4008}},
    {0x5F62, 16, {0x0000, 0x7F84, 0x1204, 0x1208, 0x1210, 0x1222, 0x1202, 0xFFC4, 0x1208, 0x1210, 0x1222, 0x1202, 0x2204, 0x2208, 0x4210, 0x8260}},
    {0x5F69, 16, {0x0100, 0x0784, 0x7804, 0x0888, 0x4490, 0x2522, 0x2002, 0x0404, 0x7F88, 0x0C10, 0x1622, 0x1502, 0x2484, 0x4408, 0x8410, 0x0460}},
    {0x5F6D, 16, {0x0800, 0x0804, 0xFF84, 0x0808, 0x0810, 0x7F22, 0x0002, 0x7F04, 0x4108, 0x4110, 0x7F22, 0x0002, 0x2204, 0x1788, 0xF810, 0x4060}},
    {0x5F71, 16, {0x0000, 0x7F04, 0x4104, 0x7F08, 0x4110, 0x7F22, 0x0802, 0xFFC4, 0x0008, 0x7F10, 0x4122, 0x7F02, 0x0804, 0x4908, 0x8890, 0x1860}},
    {0x5F7C, 16, {0x0820, 0x0820, 0x1020, 0x23FE, 0x4A22, 0x0A24, 0x1220, 0x33FC, 0x5284, 0x9288, 0x1248, 0x1250, 0x1220, 0x1450, 0x1488, 0x1906}},
    {0x5F80, 16, {0x0880, 0x0840, 0x1000, 0x27FC, 0x4840, 0x0840, 0x1040, 0x3040, 0x57FC, 0x9040, 0x1040, 0x1040, 0x1040, 0x1040, 0x1FFE, 0x1000}},
    {0x5F85, 16, {0x0840, 0x0840, 0x1040, 0x23FC, 0x4840, 0x0840, 0x17FE, 0x3010, 0x5010, 0x97FE, 0x1010, 0x1210, 0x1110, 0x1110, 0x1050, 0x1020}},
    {0x5F88, 16, {0x0800, 0x0BF8, 0x1208, 0x2208, 0x4BF8, 0x0A08, 0x1208, 0x33F8, 0x5244, 0x9248, 0x1230, 0x1220, 0x1210, 0x1288, 0x1306, 0x1200}},
    {0x5F8C, 16, {0x0820, 0x0840, 0x1088, 0x2110, 0x4BE0, 0x0840, 0x1088, 0x33FC, 0x5084, 0x9080, 0x11F8, 0x1308, 0x1490, 0x1060, 0x1198, 0x1606}},
    {0x5F91, 16, {0x0800, 0x0BFC, 0x1000, 0x2124, 0x4A48, 0x0C90, 0x1248, 0x3124, 0x5000, 0x93FC, 0x1040, 0x1040, 0x1040, 0x1040, 0x17FE, 0x1000}},
    {0x5F97, 16, {0x0800, 0x0BF8, 0x1208, 0x23F8, 0x4A08, 0x0BF8, 0x1000, 0x33FC, 0x5010, 0x97FE, 0x1010, 0x1210, 0x1110, 0x1010, 0x1050, 0x1020}},
    {0x5F9E, 16, {0x0888, 0x0888, 0x1088, 0x2088, 0x4954, 0x0A22, 0x1442, 0x3020, 0x5020, 0x9120, 0x113C, 0x1120, 0x12A0, 0x1260, 0x143E, 0x1800}},
    {0x5FA1, 16, {0x1400, 0x1400, 0x27DE, 0x4912, 0x9112, 0x1112, 0x2FD2, 0x6112, 0xA112, 0x25D2, 0x2512, 0x251A, 0x25D4, 0x3E10, 0x2810, 0x2010}},
    {0x5FAA, 16, {0x103C, 0x17E0, 0x2420, 0x4420, 0x97FE, 0x1420, 0x25FC, 0x6504, 0xA504, 0x25FC, 0x2504, 0x25FC, 0x2904, 0x2904, 0x31FC, 0x2104}},
    {0x5FAE, 16, {0x1108, 0x1548, 0x2548, 0x4550, 0x97DE, 0x1024, 0x2014, 0x6FD4, 0xA014, 0x2794, 0x2494, 0x24A8, 0x24C8, 0x2494, 0x2814, 0x3022}},
    {0x5FB7, 16, {0x1040, 0x1040, 0x2FFE, 0x4040, 0x97FC, 0x14A4, 0x24A4, 0x67FC, 0xA000, 0x2FFE, 0x2040, 0x2024, 0x2522, 0x250A, 0x2908, 0x20F8}},
    {0x5FB9, 16, {0x1210, 0x1110, 0x27D0, 0x4210, 0x94BE, 0x1FE4, 0x2054, 0x6794, 0xA494, 0x2794, 0x2494, 0x2788, 0x2488, 0x2494, 0x2494, 0x25A2}},
    {0x5FC3, 16, {0x0000, 0x0200, 0x0100, 0x0080, 0x0080, 0x0400, 0x0408, 0x2404, 0x2404, 0x2402, 0x4402, 0x4412, 0x8410, 0x0410, 0x03F0, 0x0000}},
    {0x5FC5, 16, {0x0000, 0x0400, 0x0210, 0x0110, 0x0120, 0x0820, 0x2848, 0x2844, 0x2884, 0x4902, 0x4A02, 0x8C12, 0x0810, 0x1810, 0x27F0, 0x4000}},
    {0x5FCC, 16, {0x0000, 0x3FF0, 0x0010, 0x0010, 0x3FF0, 0x2000, 0x2004, 0x2004, 0x1FFC, 0x0100, 0x0888, 0x4884, 0x4812, 0x4812, 0x87F0, 0x0000}},
    {0x5FD7, 16, {0x0100, 0x0100, 0x0100, 0xFFFE, 0x0100, 0x0100, 0x0100, 0x3FF8, 0x0000, 0x0100, 0x0888, 0x4884, 0x4812, 0x4812, 0x87F0, 0x0000}},
    {0x5FE0, 16, {0x0100, 0x0100, 0x3FF8, 0x2108, 0x2108, 0x2108, 0x3FF8, 0x2108, 0x0100, 0x0100, 0x0888, 0x4884, 0x4812, 0x4812, 0x87F0, 0x0000}},
    {0x5FEB, 16, {0x1040, 0x1040, 0x1040, 0x13F8, 0x1848, 0x5448, 0x5048, 0x5048, 0x97FE, 0x1040, 0x10A0, 0x10A0, 0x1110, 0x1110, 0x1208, 0x1406}},
    {0x5FF5, 16, {0x0100, 0x0100, 0x0280, 0x0440, 0x0A20, 0x3118, 0xC106, 0x0FE0, 0x0040, 0x0080, 0x0100, 0x0884, 0x4892, 0x4812, 0x87F0, 0x0000}},
    {0x601D, 16, {0x0000, 0x3FF8, 0x2108, 0x2108, 0x3FF8, 0x2108, 0x2108, 0x3FF8, 0x2008, 0x0100, 0x0888, 0x4884, 0x4812, 0x4812, 0x87F0, 0x0000}},
    {0x6021, 16, {0x1020, 0x1020, 0x1040, 0x1840, 0x5488, 0x5104, 0x53FE, 0x9002, 0x1000, 0x11FC, 0x1104, 0x1104, 0x1104, 0x1104, 0x11FC, 0x1104}},
    {0x6025, 16, {0x0800, 0x0FE0, 0x1020, 0x2040, 0x5FF8, 0x0008, 0x0008, 0x1FF8, 0x0008, 0x0008, 0x3FF8, 0x0200, 0x5104, 0x5112, 0x9012, 0x0FF0}},
    {0x6046, 16, {0x1000, 0x17FE, 0x1080, 0x1080, 0x1880, 0x54F8, 0x5108, 0x5148, 0x9128, 0x1208, 0x1288, 0x1050, 0x1010, 0x1010, 0x17FE, 0x1000}},
    {0x6052, 16, {0x1000, 0x13FE, 0x1000, 0x1000, 0x19FC, 0x5504, 0x5104, 0x51FC, 0x9104, 0x1104, 0x11FC, 0x1104, 0x1000, 0x1000, 0x13FE, 0x1000}},
    {0x6069, 16, {0x0000, 0x3FF8, 0x2108, 0x2108, 0x2FE8, 0x2108, 0x2288, 0x2448, 0x2828, 0x3FF8, 0x0100, 0x0884, 0x4892, 0x4812, 0x87F0, 0x0000}},
    {0x606C, 16, {0x1008, 0x103C, 0x11E0, 0x1020, 0x1820, 0x55FE, 0x5020, 0x5020, 0x9020, 0x11FC, 0x1104, 0x1104, 0x1104, 0x1104, 0x11FC, 0x1104}},
    {0x6085, 16, {0x1010, 0x1090, 0x1088, 0x1108, 0x1A04, 0x55FA, 0x5108, 0x5108, 0x9108, 0x11F8, 0x1090, 0x1090, 0x1090, 0x1112, 0x1212, 0x140E}},
    {0x60A0, 16, {0x1040, 0x1040, 0x247E, 0x6488, 0xA548, 0x2450, 0x2420, 0x2058, 0x2086, 0x2300, 0x0100, 0x0884, 0x4892, 0x4812, 0x87F0, 0x0000}},
    {0x60E0, 16, {0x0100, 0x0100, 0x7FFC, 0x0100, 0x3FF8, 0x2108, 0x3FF8, 0x2108, 0x3FF8, 0x0104, 0xFFFE, 0x0102, 0x2888, 0x28A4, 0x4824, 0x07E0}},
    {0x6109, 16, {0x1040, 0x10A0, 0x1110, 0x1208, 0x1DF6, 0x5400, 0x53C4, 0x5254, 0x9254, 0x13D4, 0x1254, 0x1254, 0x13D4, 0x1244, 0x1254, 0x12C8}},
    {0x610F, 16, {0x0100, 0x3FF8, 0x0820, 0x0440, 0xFFFE, 0x0000, 0x1FF0, 0x1010, 0x1FF0, 0x1010, 0x1FF0, 0x0200, 0x5104, 0x5112, 0x9012, 0x0FF0}},
    {0x611B, 16, {0x007C, 0x3F80, 0x1108, 0x0890, 0x7FFE, 0x4102, 0x9494, 0x1428, 0x23E8, 0x0800, 0x0FF0, 0x1420, 0x2240, 0x4180, 0x0E60, 0x701C}},
    {0x6148, 16, {0x0820, 0x0440, 0xFFFE, 0x1020, 0x1020, 0x2448, 0x78F0, 0x1020, 0x2448, 0x7EFC, 0x0204, 0x0100, 0x2888, 0x28A4, 0x4824, 0x07E0}},
    {0x614B, 16, {0x1080, 0x2498, 0x7EE0, 0x0084, 0x7E7C, 0x4200, 0x7E98, 0x42E0, 0x7E84, 0x4284, 0x467C, 0x0200, 0x5104, 0x5112, 0x9012, 0x0FF0}},
    {0x614E, 16, {0x2040, 0x2040, 0x27FC, 0x2040, 0x33F8, 0xAA08, 0xA3F8, 0xA208, 0xA3F8, 0x2208, 0x23F8, 0x2208, 0x2FFE, 0x2110, 0x2208, 0x2404}},
    {0x6155, 16, {0x0440, 0x7FFC, 0x0440, 0x1FF0, 0x1010, 0x1FF0, 0x1010, 0x1FF0, 0x0400, 0xFFFE, 0x1210, 0x2208, 0xCB26, 0x1290, 0x2A90, 0x0400}},
    {0x6162, 16, {0x23F8, 0x2208, 0x23F8, 0x3208, 0xABF8, 0xA000, 0xA7FC, 0xA4A4, 0x24A4, 0x27FC, 0x2000, 0x23F8, 0x2110, 0x20E0, 0x2318, 0x2C06}},
    {0x6167, 16, {0x1010, 0xFEFE, 0x1010, 0x7C7C, 0x1010, 0xFEFE, 0x1010, 0x3FF8, 0x0008, 0x1FF8, 0x0008, 0x3FF8, 0x0100, 0x4884, 0x4812, 0x87F2}},
    {0x6176, 16, {0x0080, 0x3FFE, 0x2220, 0x3FFC, 0x2224, 0x3FFC, 0x2000, 0x3FFE, 0x2082, 0x2A54, 0x31F2, 0x2200, 0x27F8, 0x4A08, 0x41F0, 0x9E0E}},
    {0x61A9, 16, {0x1C10, 0x7020, 0x10FC, 0xFE84, 0x10FC, 0x7C84, 0x44FC, 0x4484, 0x7CFC, 0x4400, 0x0100, 0x0884, 0x4892, 0x4812, 0x87F0, 0x0000}},
    {0x61B6, 16, {0x1080, 0x1040, 0x13FC, 0x1908, 0x5490, 0x57FE, 0x5000, 0x93FC, 0x1204, 0x13FC, 0x1204, 0x13FC, 0x1040, 0x1524, 0x150A, 0x18FA}},
    {0x61C9, 16, {0x0100, 0x0080, 0x3FFE, 0x2248, 0x24FE, 0x2D90, 0x34FC, 0x2490, 0x24FC, 0x2490, 0x24FE, 0x2480, 0x4244, 0x524A, 0x920A, 0x21F8}},
    {0x6210, 16, {0x0050, 0x0048, 0x0040, 0x3FFE, 0x2040, 0x2040, 0x2044, 0x3E44, 0x2244, 0x2228, 0x2228, 0x2212, 0x2A32, 0x444A, 0x4086, 0x8102}},
    {0x6216, 16, {0x0048, 0x0044, 0x0040, 0xFFFE, 0x0040, 0x0040, 0x3E44, 0x2244, 0x2244, 0x2228, 0x3E28, 0x0012, 0x0732, 0x784A, 0x2086, 0x0302}},
    {0x6232, 16, {0x0828, 0x0F24, 0x0824, 0x7F20, 0x492E, 0x4CF0, 0x7920, 0x4724, 0x4024, 0x5F28, 0x4028, 0x5F10, 0x5112, 0x5F2A, 0x8A46, 0x3F82}},
    {0x6234, 16, {0x0820, 0x7F28, 0x0824, 0xFFFE, 0x0020, 0x7F20, 0x4924, 0x7F24, 0x4924, 0x7F28, 0x2228, 0x7F10, 0x2212, 0xFFAA, 0x2246, 0x4182}},
    {0x6236, 16, {0x0010, 0x00F8, 0x1F00, 0x1000, 0x1FF8, 0x1008, 0x1008, 0x1008, 0x1FF8, 0x1008, 0x1000, 0x1000, 0x2000, 0x2000, 0x4000, 0x8000}},
    {0x623F, 16, {0x0200, 0x0100, 0x3FFC, 0x2004, 0x2004, 0x3FFC, 0x2100, 0x2080, 0x3FFC, 0x2200, 0x2200, 0x23F8, 0x4408, 0x4408, 0x8828, 0x1010}},
    {0x6240, 16, {0x0208, 0x071C, 0x38E0, 0x2080, 0x2080, 0x3E80, 0x22FE, 0x2288, 0x2288, 0x3E88, 0x2088, 0x2088, 0x4108, 0x4108, 0x8208, 0x0408}},
    {0x624B, 16, {0x0010, 0x00F8, 0x3F00, 0x0100, 0x0100, 0x3FF8, 0x0100, 0x0100, 0x0100, 0xFFFE, 0x0100, 0x0100, 0x0100, 0x0100, 0x0500, 0x0200}},
    {0x624D, 16, {0x0080, 0x0080, 0x0080, 0x0080, 0xFFFE, 0x0180, 0x0280, 0x0280, 0x0480, 0x0480, 0x0880, 0x1080, 0x2080, 0x4080, 0x0280, 0x0100}},
    {0x6253, 16, {0x1000, 0x1000, 0x13FE, 0x1020, 0xFC20, 0x1020, 0x1020, 0x1420, 0x1820, 0x3020, 0xD020, 0x1020, 0x1020, 0x1020, 0x50A0, 0x2040}},
    {0x6258, 16, {0x1008, 0x103C, 0x13C0, 0x1040, 0xFC40, 0x1040, 0x1040, 0x147E, 0x1BC0, 0x3040, 0xD040, 0x1042, 0x1042, 0x1042, 0x503E, 0x2000}},
    {0x6276, 16, {0x1020, 0x1020, 0x1020, 0x1020, 0xFDFC, 0x1020, 0x1020, 0x1420, 0x1BFE, 0x3020, 0xD050, 0x1050, 0x1088, 0x1088, 0x5104, 0x2202}},
    {0x6279, 16, {0x1010, 0x1110, 0x1110, 0x1112, 0xFD12, 0x1114, 0x11D8, 0x1510, 0x1910, 0x3110, 0xD110, 0x1112, 0x1152, 0x1192, 0x510E, 0x2000}},
    {0x627E, 16, {0x1090, 0x1088, 0x1088, 0x1080, 0xFCBC, 0x13C0, 0x1080, 0x1488, 0x1888, 0x3090, 0xD060, 0x1044, 0x10A4, 0x1114, 0x520C, 0x2004}},
    {0x627F, 16, {0x1FE0, 0x0040, 0x0080, 0x0104, 0x7928, 0x0FF0, 0x0920, 0x1110, 0x17D0, 0x2108, 0x2108, 0x4FE4, 0x8102, 0x0100, 0x0500, 0x0200}},
    {0x6280, 16, {0x1020, 0x1020, 0x1020, 0x13FE, 0xFC20, 0x1020, 0x1020, 0x15FC, 0x1884, 0x3088, 0xD048, 0x1050, 0x1020, 0x1050, 0x5188, 0x2606}},
    {0x62B5, 16, {0x1008, 0x103C, 0x13E0, 0x1220, 0xFE20, 0x1220, 0x1220, 0x13FE, 0x1A20, 0x3210, 0xD210, 0x1212, 0x120A, 0x128A, 0x5326, 0x2212}},
    {0x62BC, 16, {0x1000, 0x11FC, 0x1124, 0x1124, 0xFD24, 0x11FC, 0x1124, 0x1524, 0x1924, 0x31FC, 0xD124, 0x1020, 0x1020, 0x1020, 0x5020, 0x2020}},
    {0x62C5, 16, {0x1000, 0x1000, 0x11FC, 0x1104, 0xFD04, 0x1104, 0x11FC, 0x1504, 0x1904, 0x3104, 0xD1FC, 0x1104, 0x1000, 0x1000, 0x53FE, 0x2000}},
    {0x62C9, 16, {0x1040, 0x1020, 0x1020, 0x1000, 0xFBFE, 0x1000, 0x1404, 0x1904, 0x3104, 0xD088, 0x1088, 0x1088, 0x1090, 0x1010, 0x57FE, 0x2000}},
    {0x62D4, 16, {0x1050, 0x1048, 0x1048, 0x1040, 0xFBFE, 0x1080, 0x1480, 0x18FC, 0x3144, 0xD144, 0x1128, 0x1128, 0x1210, 0x1228, 0x5444, 0x2182}},
    {0x62F1, 16, {0x1088, 0x1088, 0x1088, 0x1088, 0xFDFE, 0x1088, 0x1088, 0x1488, 0x1888, 0x33FE, 0xD000, 0x1088, 0x1084, 0x1104, 0x5202, 0x2402}},
    {0x62FF, 16, {0x0100, 0x06C0, 0x1830, 0xEFEE, 0x0000, 0x1FF0, 0x1010, 0x1FF0, 0x0020, 0x1FC0, 0x0100, 0x3FF8, 0x0100, 0x7FFC, 0x0100, 0x0300}},
    {0x6301, 16, {0x1020, 0x1020, 0x1020, 0x11FC, 0xFC20, 0x1020, 0x13FE, 0x1008, 0x1808, 0x33FE, 0xD008, 0x1088, 0x1048, 0x1008, 0x5028, 0x2010}},
    {0x6307, 16, {0x1100, 0x1104, 0x1138, 0x11C0, 0xFD02, 0x1102, 0x10FE, 0x1400, 0x19FC, 0x3104, 0xD104, 0x11FC, 0x1104, 0x1104, 0x51FC, 0x2104}},
    {0x6309, 16, {0x1040, 0x1020, 0x1020, 0x13FE, 0xFA02, 0x1444, 0x1040, 0x1BFE, 0x3088, 0xD088, 0x1108, 0x10D0, 0x1020, 0x1050, 0x5088, 0x2304}},
    {0x632F, 16, {0x1000, 0x13FC, 0x1200, 0x1200, 0xFEF8, 0x1200, 0x1200, 0x17FC, 0x1AA0, 0x32A4, 0xD2A8, 0x1290, 0x1290, 0x1488, 0x54A4, 0x28C2}},
    {0x6383, 16, {0x1000, 0x11FC, 0x1004, 0x10FC, 0xFC04, 0x11FC, 0x1000, 0x13FE, 0x1A22, 0x3020, 0xD1FC, 0x1124, 0x1124, 0x1134, 0x5128, 0x2020}},
    {0x6392, 16, {0x1090, 0x1090, 0x1090, 0x179E, 0xF890, 0x1090, 0x1090, 0x1B9C, 0x3090, 0xD090, 0x1090, 0x179E, 0x1090, 0x1090, 0x5090, 0x2090}},
    {0x63A1, 16, {0x1008, 0x103C, 0x13C0, 0x1044, 0xFA24, 0x1128, 0x1500, 0x1820, 0x33FE, 0xD070, 0x10A8, 0x10A8, 0x1124, 0x1222, 0x5420, 0x2020}},
    {0x63A5, 16, {0x1080, 0x1040, 0x13FC, 0x1000, 0xFD08, 0x1090, 0x17FE, 0x1040, 0x1840, 0x37FE, 0xD088, 0x1108, 0x1090, 0x1060, 0x5198, 0x2604}},
    {0x63A8, 16, {0x10A0, 0x1090, 0x1080, 0x11FE, 0xFD10, 0x1310, 0x15FC, 0x1110, 0x1910, 0x31FC, 0xD110, 0x1110, 0x1110, 0x11FE, 0x5100, 0x2100}},
    {0x63CF, 16, {0x1088, 0x1088, 0x13FE, 0x1088, 0xFC88, 0x1000, 0x11FC, 0x1524, 0x1924, 0x3124, 0xD1FC, 0x1124, 0x1124, 0x1124, 0x51FC, 0x2104}},
    {0x63D0, 16, {0x1000, 0x11FC, 0x1104, 0x1104, 0xFDFC, 0x1104, 0x1104, 0x15FC, 0x1800, 0x33FE, 0xD020, 0x1120, 0x113C, 0x1120, 0x52A0, 0x247E}},
    {0x63DA, 16, {0x1000, 0x11F8, 0x1108, 0x11F8, 0xFD08, 0x11F8, 0x1400, 0x1BFE, 0x3100, 0xD1FC, 0x1254, 0x1494, 0x1124, 0x1244, 0x50A8, 0x2110}},
    {0x63DB, 16, {0x1080, 0x1080, 0x11F8, 0x1208, 0xFC10, 0x13FE, 0x1202, 0x1A52, 0x328A, 0xD222, 0x1020, 0x17FE, 0x1050, 0x1088, 0x5104, 0x2602}},
    {0x63F4, 16, {0x203C, 0x27C0, 0x2244, 0x2128, 0xF800, 0x23FC, 0x2080, 0x2880, 0x37FE, 0xE100, 0x21F8, 0x2288, 0x2250, 0x2420, 0xA8D8, 0x4306}},
    {0x641C, 16, {0x10A0, 0x112C, 0x1124, 0x1124, 0xFDAC, 0x1124, 0x1124, 0x15FC, 0x1820, 0x31FC, 0xD088, 0x1050, 0x1020, 0x1050, 0x5088, 0x2306}},
    {0x6458, 16, {0x2080, 0x2040, 0x27FC, 0x2110, 0xF8A0, 0x27FC, 0x2444, 0x2DF4, 0x3444, 0xE5F4, 0x2514, 0x2514, 0x25F4, 0x2404, 0xA414, 0x4408}},
    {0x6469, 16, {0x0080, 0x3FFE, 0x2410, 0x3F7C, 0x2638, 0x2D54, 0x3412, 0x2038, 0x27C0, 0x2040, 0x27F8, 0x2040, 0x2FFE, 0x4040, 0x4140, 0x8080}},
    {0x6492, 16, {0x2288, 0x2288, 0x27C8, 0x2290, 0xFA9E, 0x27D4, 0x2024, 0x2FD4, 0x3454, 0xE7D4, 0x2454, 0x27C8, 0x2448, 0x2454, 0xA464, 0x44C2}},
    {0x64AD, 16, {0x2078, 0x27C0, 0x2248, 0x2150, 0xFBFC, 0x2150, 0x2248, 0x2C06, 0x33F8, 0xE248, 0x2248, 0x23F8, 0x2248, 0x2248, 0xA3F8, 0x4208}},
    {0x64C7, 16, {0x1000, 0x13FE, 0x1252, 0x13FE, 0xFC20, 0x11FC, 0x1420, 0x1BFE, 0x3088, 0xD050, 0x11FC, 0x1020, 0x17FE, 0x1020, 0x5020, 0x2020}},
    {0x64E0, 16, {0x2080, 0x2040, 0x27FC, 0x2110, 0xF0A4, 0x2F58, 0x2554, 0x2552, 0x3B58, 0xE000, 0x2208, 0x23F8, 0x2208, 0x23F8, 0xA208, 0x4408}},
    {0x652F, 16, {0x0100, 0x0100, 0x0100, 0x7FFC, 0x0100, 0x0100, 0x0100, 0x3FF0, 0x1010, 0x0820, 0x0440, 0x0280, 0x0100, 0x06C0, 0x1830, 0xE00E}},
    {0x6536, 16, {0x0840, 0x0840, 0x4840, 0x4880, 0x48FE, 0x4908, 0x4A88, 0x4888, 0x4888, 0x5850, 0x6850, 0x4820, 0x0850, 0x0888, 0x0904, 0x0A02}},
    {0x6538, 16, {0x0820, 0x0820, 0x0820, 0x103E, 0x1244, 0x3244, 0x5244, 0x92A4, 0x1228, 0x1228, 0x1210, 0x1210, 0x1228, 0x1048, 0x1084, 0x1102}},
    {0x6539, 16, {0x0040, 0x0040, 0xFC80, 0x04FE, 0x0508, 0x0508, 0x0688, 0x7C88, 0x4088, 0x4050, 0x4050, 0x4420, 0x5850, 0x6088, 0x4104, 0x0202}},
    {0x653E, 16, {0x2040, 0x1040, 0x0040, 0xFE80, 0x20FE, 0x2108, 0x3E88, 0x2488, 0x2488, 0x2450, 0x2450, 0x2420, 0x4450, 0x5488, 0x8904, 0x0202}},
    {0x653F, 16, {0x0020, 0x0020, 0xFF20, 0x083E, 0x0844, 0x0844, 0x4844, 0x4EA4, 0x4828, 0x4828, 0x4810, 0x4810, 0x4F28, 0xF048, 0x0084, 0x0102}},
    {0x6545, 16, {0x1040, 0x1040, 0x1040, 0x1080, 0xFEFE, 0x1108, 0x1288, 0x1088, 0x7C88, 0x4450, 0x4450, 0x4420, 0x4450, 0x7C88, 0x4504, 0x0202}},
    {0x6548, 16, {0x1020, 0x0820, 0x0020, 0xFF3E, 0x0044, 0x2444, 0x4244, 0x81A4, 0x2428, 0x1428, 0x0810, 0x1410, 0x2228, 0x4248, 0x8084, 0x0102}},
    {0x6551, 16, {0x1040, 0x1440, 0x1240, 0x1080, 0xFEFE, 0x1108, 0x1088, 0x9288, 0x5488, 0x1050, 0x3850, 0x5420, 0x9250, 0x1088, 0x5104, 0x2202}},
    {0x6557, 16, {0x0040, 0x7C40, 0x4480, 0x44FE, 0x7D08, 0x4508, 0x4688, 0x7C88, 0x4488, 0x4450, 0x7C50, 0x0020, 0x2850, 0x2488, 0x4504, 0x8202}},
    {0x6559, 16, {0x0820, 0x0820, 0x7EA0, 0x093E, 0x0A44, 0xFF44, 0x0844, 0x7EA4, 0x2428, 0x4828, 0x8F10, 0x7810, 0x0828, 0x0848, 0x2884, 0x1102}},
    {0x6563, 16, {0x2420, 0x2420, 0x7E20, 0x243E, 0x2444, 0xFF44, 0x0044, 0x7EA4, 0x4228, 0x7E28, 0x4210, 0x7E10, 0x4228, 0x4228, 0x4A44, 0x4482}},
    {0x6566, 16, {0x1020, 0x0820, 0xFF20, 0x003E, 0x7E44, 0x4244, 0x7E44, 0x00A4, 0x7E28, 0x0428, 0x0810, 0x0F10, 0xF828, 0x0848, 0x2884, 0x1102}},
    {0x656C, 16, {0x2220, 0x2220, 0xFFA0, 0x223E, 0x4044, 0x7F44, 0x4144, 0x81A4, 0x7D28, 0x4528, 0x4510, 0x7D10, 0x4528, 0x0128, 0x0A44, 0x0482}},
    {0x6574, 16, {0x0820, 0x0820, 0xFFBE, 0x0844, 0x7FA4, 0x4924, 0x7F28, 0x2A10, 0x4928, 0x8846, 0x0000, 0x7FFC, 0x0100, 0x11F8, 0x1100, 0xFFFE}},
    {0x6578, 16, {0x0810, 0x7F10, 0x4910, 0xFFA0, 0x493E, 0x7F44, 0x0824, 0x7F24, 0x4924, 0x7F28, 0x1028, 0xFF10, 0x2128, 0x7228, 0x0C44, 0xF382}},
    {0x6587, 16, {0x0200, 0x0100, 0x0100, 0xFFFE, 0x1010, 0x1010, 0x0820, 0x0820, 0x0440, 0x0280, 0x0100, 0x0280, 0x0440, 0x0820, 0x3018, 0xC006}},
    {0x6591, 16, {0x0000, 0x0200, 0xF93E, 0x2108, 0x2FC8, 0x2088, 0x2488, 0xFA88, 0x22BE, 0x2108, 0x2108, 0x3A88, 0xE288, 0x4448, 0x087E, 0x0000}},
    {0x6599, 16, {0x0808, 0x0888, 0x4A48, 0x2A48, 0x2C08, 0x0888, 0xFE48, 0x1848, 0x1C08, 0x2A0E, 0x2AF8, 0x4808, 0x8808, 0x0808, 0x0808, 0x0808}},
    {0x65A7, 16, {0x0440, 0x0820, 0x1850, 0x2488, 0x0300, 0x0CC0, 0x3030, 0xC0EE, 0x1F00, 0x1000, 0x1000, 0x1FF8, 0x1080, 0x1080, 0x2080, 0x4080}},
    {0x65AC, 16, {0x1008, 0x101C, 0x10E0, 0xFE80, 0x1080, 0x7C80, 0x54FE, 0x7C90, 0x5490, 0x7C90, 0x1090, 0xFE90, 0x1090, 0x1110, 0x1110, 0x1210}},
    {0x65AF, 16, {0x2200, 0x2204, 0x7F78, 0x2240, 0x2240, 0x3E40, 0x227E, 0x2248, 0x3E48, 0x2248, 0x2248, 0xFF48, 0x0448, 0x2288, 0x4188, 0x8108}},
    {0x65B0, 16, {0x1000, 0x0804, 0x7F78, 0x0040, 0x2240, 0x1440, 0xFF7E, 0x0848, 0x0848, 0x7F48, 0x0848, 0x2A48, 0x4948, 0x8888, 0x2888, 0x1108}},
    {0x65B7, 16, {0x0882, 0x509C, 0x5D50, 0x49D0, 0x5490, 0x5DDE, 0x4454, 0x7FD4, 0x4894, 0x5094, 0x5D54, 0x49D4, 0x5494, 0x5DD4, 0x4464, 0x7FC4}},
    {0x65B9, 16, {0x0200, 0x0100, 0x0100, 0xFFFE, 0x0400, 0x0400, 0x0400, 0x07F0, 0x0410, 0x0410, 0x0410, 0x0810, 0x0810, 0x1010, 0x20A0, 0x4040}},
    {0x65BC, 16, {0x2020, 0x1020, 0x0020, 0xFE50, 0x2050, 0x2088, 0x3D04, 0x2602, 0x2460, 0x2410, 0x2400, 0x24C0, 0x4420, 0x5410, 0x8808, 0x0000}},
    {0x65C5, 16, {0x2080, 0x1080, 0x10FE, 0x0100, 0xFE0C, 0x20F0, 0x2090, 0x3C90, 0x2492, 0x2494, 0x2488, 0x2488, 0x2484, 0x44A4, 0x54C2, 0x8880}},
    {0x65CB, 16, {0x2080, 0x1080, 0x10FE, 0x0100, 0xFE00, 0x21FC, 0x2024, 0x3C24, 0x24A0, 0x24A0, 0x24BC, 0x24A0, 0x24A0, 0x4560, 0x553E, 0x8A00}},
    {0x65E5, 16, {0x0000, 0x1FF0, 0x1010, 0x1010, 0x1010, 0x1010, 0x1010, 0x1FF0, 0x1010, 0x1010, 0x1010, 0x1010, 0x1010, 0x1010, 0x1FF0, 0x1010}},
    {0x65E9, 16, {0x0000, 0x1FF0, 0x1010, 0x1010, 0x1FF0, 0x1010, 0x1010, 0x1FF0, 0x0100, 0x0100, 0xFFFE, 0x0100, 0x0100, 0x0100, 0x0100, 0x0100}},
    {0x65ED, 16, {0x2000, 0x20F8, 0x2088, 0x2088, 0xFC88, 0x24F8, 0x2488, 0x2488, 0x2488, 0x2488, 0x24F8, 0x248A, 0x2402, 0x4402, 0x43FE, 0x8000}},
    {0x65FA, 16, {0x0000, 0x07FC, 0x7840, 0x4840, 0x4840, 0x4840, 0x7840, 0x4BFC, 0x4840, 0x4840, 0x4840, 0x7840, 0x4840, 0x0040, 0x0FFE, 0x0000}},
    {0x6602, 16, {0x3FF8, 0x2008, 0x3FF8, 0x2008, 0x3FF8, 0x0000, 0x0C00, 0x70FC, 0x4084, 0x4084, 0x4084, 0x4C84, 0x7094, 0x4088, 0x0080, 0x0080}},
    {0x6607, 16, {0x0000, 0x1FF0, 0x1010, 0x1FF0, 0x1010, 0x1FF0, 0x0000, 0x0720, 0x7820, 0x0820, 0x0820, 0xFFFE, 0x0820, 0x1020, 0x1020, 0x2020}},
    {0x660C, 16, {0x1FF0, 0x1010, 0x1010, 0x1FF0, 0x1010, 0x1010, 0x1FF0, 0x0000, 0x3FF8, 0x2008, 0x2008, 0x3FF8, 0x2008, 0x2008, 0x3FF8, 0x2008}},
    {0x660E, 16, {0x0000, 0x00FC, 0x7C84, 0x4484, 0x4484, 0x44FC, 0x7C84, 0x4484, 0x4484, 0x44FC, 0x7C84, 0x4484, 0x0104, 0x0104, 0x0214, 0x0408}},
    {0x6613, 16, {0x0FF0, 0x0810, 0x0810, 0x0FF0, 0x0810, 0x0810, 0x0FF0, 0x0400, 0x0800, 0x1FFC, 0x2244, 0x4244, 0x0484, 0x0884, 0x1128, 0x0210}},
    {0x661F, 16, {0x0000, 0x1FF0, 0x1010, 0x1FF0, 0x1010, 0x1FF0, 0x0100, 0x1100, 0x1FF8, 0x2100, 0x4100, 0x1FF0, 0x0100, 0x0100, 0x7FFC, 0x0000}},
    {0x6620, 16, {0x0020, 0x0020, 0x7820, 0x49FC, 0x4924, 0x4924, 0x7924, 0x4924, 0x4924, 0x4BFE, 0x4820, 0x7850, 0x4850, 0x0088, 0x0104, 0x0202}},
    {0x662F, 16, {0x1FF0, 0x1010, 0x1010, 0x1FF0, 0x1010, 0x1010, 0x1FF0, 0x0000, 0xFFFE, 0x0100, 0x1100, 0x11F8, 0x1100, 0x2900, 0x4500, 0x83FE}},
    {0x6642, 16, {0x0020, 0x0020, 0x7C20, 0x45FC, 0x4420, 0x4420, 0x47FE, 0x7C08, 0x4408, 0x45FE, 0x4408, 0x4488, 0x7C48, 0x4408, 0x0028, 0x0010}},
    {0x6649, 16, {0x0000, 0x7FFC, 0x0810, 0x1020, 0x2448, 0x7EFC, 0x0204, 0x0000, 0xFFFE, 0x0000, 0x1FF0, 0x1010, 0x1FF0, 0x1010, 0x1FF0, 0x1010}},
    {0x664F, 16, {0x0000, 0x1FF0, 0x1010, 0x1FF0, 0x1010, 0x1FF0, 0x0100, 0x7FFC, 0x4204, 0x0200, 0xFFFE, 0x0820, 0x1C40, 0x0380, 0x0C70, 0x7008}},
    {0x6668, 16, {0x1FF0, 0x1010, 0x1FF0, 0x1010, 0x1FF0, 0x0000, 0x3FFC, 0x2000, 0x2FF8, 0x2000, 0x3FFE, 0x2908, 0x2890, 0x4860, 0x4A18, 0x8C06}},
    {0x666E, 16, {0x0820, 0x0440, 0x7FFC, 0x0440, 0x2448, 0x1450, 0xFFFE, 0x0000, 0x1FF0, 0x1010, 0x1010, 0x1FF0, 0x1010, 0x1010, 0x1FF0, 0x1010}},
    {0x666F, 16, {0x1FF0, 0x1010, 0x1FF0, 0x1010, 0x1FF0, 0x0100, 0xFFFE, 0x0000, 0x1FF0, 0x1010, 0x1010, 0x1FF0, 0x0100, 0x2108, 0x4504, 0x0200}},
    {0x6674, 16, {0x0020, 0x0020, 0x7BFE, 0x4820, 0x49FC, 0x4820, 0x4BFE, 0x7800, 0x49FC, 0x4904, 0x49FC, 0x4904, 0x79FC, 0x4904, 0x0114, 0x0108}},
    {0x6676, 16, {0x0FE0, 0x0820, 0x0820, 0x0FE0, 0x0820, 0x0820, 0x0FE0, 0x0000, 0x7EFC, 0x4284, 0x4284, 0x7EFC, 0x4284, 0x4284, 0x7EFC, 0x4284}},
    {0x667A, 16, {0x2000, 0x3E7C, 0x4844, 0x0844, 0xFF44, 0x1444, 0x227C, 0x4000, 0x1FF0, 0x1010, 0x1010, 0x1FF0, 0x1010, 0x1010, 0x1FF0, 0x1010}},
    {0x6689, 16, {0x0000, 0x03FE, 0x7A22, 0x4820, 0x4BFE, 0x4820, 0x79FC, 0x4924, 0x49FC, 0x4924, 0x49FC, 0x7820, 0x4BFE, 0x0020, 0x0020, 0x0020}},
    {0x6696, 16, {0x003C, 0x07C0, 0x7A44, 0x4928, 0x4800, 0x4BFC, 0x7880, 0x4880, 0x4FFE, 0x4900, 0x49F8, 0x7A88, 0x4A50, 0x0420, 0x08D8, 0x0306}},
    {0x66A2, 16, {0x1000, 0x11F8, 0x1108, 0x7DF8, 0x5508, 0x55F8, 0x7C00, 0x57FE, 0x5500, 0x55FC, 0x7E54, 0x5494, 0x1124, 0x1244, 0x10A8, 0x1110}},
    {0x66AB, 16, {0x0804, 0x7F78, 0x0840, 0x7F40, 0x497E, 0x7F48, 0x4948, 0x7F48, 0x0848, 0x7F48, 0x0888, 0x1FF0, 0x1010, 0x1FF0, 0x1010, 0x1FF0}},
    {0x66B4, 16, {0x1FF0, 0x1010, 0x1FF0, 0x1010, 0x1FF0, 0x0820, 0x7FFC, 0x0820, 0xFFFE, 0x0820, 0x3118, 0xC926, 0x0540, 0x0920, 0x1510, 0x2208}},
    {0x66C9, 16, {0x0020, 0x0020, 0x79FC, 0x4820, 0x4BFE, 0x4908, 0x7B9C, 0x4908, 0x4988, 0x4E3E, 0x4800, 0x7BFE, 0x4890, 0x0090, 0x0112, 0x020E}},
    {0x66F2, 16, {0x0440, 0x0440, 0x0440, 0x0440, 0x7FFC, 0x4444, 0x4444, 0x4444, 0x4444, 0x7FFC, 0x4444, 0x4444, 0x4444, 0x4444, 0x7FFC, 0x4004}},
    {0x66F4, 16, {0x0000, 0xFFFE, 0x0100, 0x0100, 0x3FF8, 0x2108, 0x2108, 0x3FF8, 0x2108, 0x2108, 0x3FF8, 0x1100, 0x0A00, 0x0600, 0x19C0, 0xE03E}},
    {0x66F8, 16, {0x0100, 0x3FF0, 0x0110, 0xFFFE, 0x0110, 0x3FF0, 0x0100, 0x3FF8, 0x0100, 0xFFFE, 0x0000, 0x1FF0, 0x1010, 0x1FF0, 0x1010, 0x1FF0}},
    {0x66F9, 16, {0x0440, 0x0440, 0xFFFE, 0x0440, 0x3FF8, 0x2448, 0x3FF8, 0x2448, 0x3FF8, 0x0000, 0x1FF0, 0x1010, 0x1FF0, 0x1010, 0x1FF0, 0x1010}},
    {0x66FC, 16, {0x0000, 0x1FF0, 0x1010, 0x1FF0, 0x1010, 0x1FF0, 0x0000, 0x7FFC, 0x4444, 0x7FFC, 0x0000, 0x3FF0, 0x0820, 0x07C0, 0x1830, 0xE00E}},
    {0x66FE, 16, {0x0820, 0x0440, 0x3FF8, 0x2108, 0x2928, 0x2548, 0x3FF8, 0x0000, 0x1FF0, 0x1010, 0x1010, 0x1FF0, 0x1010, 0x1010, 0x1FF0, 0x1010}},
    {0x6700, 16, {0x1FF0, 0x1010, 0x1FF0, 0x1010, 0x1FF0, 0x0000, 0xFFFE, 0x2200, 0x3EF8, 0x2288, 0x3E90, 0x2250, 0x2F20, 0xF250, 0x4288, 0x0306}},
    {0x6703, 16, {0x0100, 0x0280, 0x0C60, 0x37D8, 0xC006, 0x3FF8, 0x2928, 0x2548, 0x3FF8, 0x0000, 0x1FF0, 0x1010, 0x1FF0, 0x1010, 0x1FF0, 0x1010}},
    {0x6708, 16, {0x0000, 0x0FF8, 0x0808, 0x0808, 0x0808, 0x0FF8, 0x0808, 0x0808, 0x0808, 0x0FF8, 0x0808, 0x0808, 0x1008, 0x1008, 0x2028, 0x4010}},
    {0x6709, 16, {0x0200, 0x0200, 0xFFFE, 0x0400, 0x0400, 0x0FF0, 0x0810, 0x1810, 0x2FF0, 0x4810, 0x8810, 0x0FF0, 0x0810, 0x0810, 0x0850, 0x0820}},
    {0x670D, 16, {0x0000, 0x3EFC, 0x2284, 0x2284, 0x2294, 0x3E88, 0x2280, 0x22FC, 0x22A4, 0x3EA4, 0x22A8, 0x22A8, 0x2290, 0x42A8, 0x4AC4, 0x8482}},
    {0x6717, 16, {0x1000, 0x087C, 0x7E44, 0x4244, 0x4244, 0x7E7C, 0x4244, 0x4244, 0x7E44, 0x407C, 0x4844, 0x4444, 0x5A84, 0x6284, 0x4114, 0x0208}},
    {0x671B, 16, {0x1000, 0x087C, 0xFF44, 0x207C, 0x2044, 0x267C, 0x3844, 0x2094, 0x0108, 0x7FFC, 0x0100, 0x0100, 0x3FF8, 0x0100, 0x0100, 0xFFFE}},
    {0x671D, 16, {0x0800, 0x083E, 0xFFA2, 0x0822, 0x7F22, 0x413E, 0x7F22, 0x4122, 0x7F22, 0x493E, 0x0822, 0xFFA2, 0x0842, 0x0842, 0x088A, 0x0904}},
    {0x671F, 16, {0x2200, 0x227C, 0x7F44, 0x2244, 0x2244, 0x3E7C, 0x2244, 0x2244, 0x3E44, 0x227C, 0x2244, 0xFF44, 0x0484, 0x2284, 0x4114, 0x8208}},
    {0x6728, 16, {0x0100, 0x0100, 0x0100, 0x0100, 0x7FFC, 0x0380, 0x0540, 0x0540, 0x0920, 0x1110, 0x2108, 0x4104, 0x8102, 0x0100, 0x0100, 0x0100}},
    {0x672A, 16, {0x0100, 0x0100, 0x0100, 0x3FF8, 0x0100, 0x0100, 0x0100, 0xFFFE, 0x0380, 0x0540, 0x0920, 0x1110, 0x2108, 0xC106, 0x0100, 0x0100}},
    {0x672B, 16, {0x0100, 0x0100, 0x0100, 0xFFFE, 0x0100, 0x0100, 0x0100, 0x7FFC, 0x0380, 0x0540, 0x0920, 0x1110, 0x2108, 0xC106, 0x0100, 0x0100}},
    {0x672C, 16, {0x0100, 0x0100, 0x0100, 0x0100, 0x7FFC, 0x0380, 0x0540, 0x0540, 0x0920, 0x1110, 0x2108, 0x4FE4, 0x8102, 0x0100, 0x0100, 0x0100}},
    {0x674E, 16, {0x0100, 0x0100, 0x7FFC, 0x0380, 0x0540, 0x0920, 0x3118, 0xC106, 0x0FE0, 0x0040, 0x0080, 0xFFFE, 0x0100, 0x0100, 0x0500, 0x0200}},
    {0x674F, 16, {0x0100, 0x0100, 0x7FFC, 0x0380, 0x0540, 0x0920, 0x3118, 0xC106, 0x0000, 0x1FF0, 0x1010, 0x1010, 0x1010, 0x1010, 0x1FF0, 0x1010}},
    {0x6751, 16, {0x1010, 0x1010, 0x1010, 0x1010, 0xFDFE, 0x1010, 0x3010, 0x3810, 0x5510, 0x5490, 0x9090, 0x1010, 0x1010, 0x1010, 0x1050, 0x1020}},
    {0x675C, 16, {0x1020, 0x1020, 0x1020, 0x1020, 0xFC20, 0x1020, 0x33FE, 0x3820, 0x5420, 0x5420, 0x9020, 0x1020, 0x1020, 0x1020, 0x17FE, 0x1000}},
    {0x675F, 16, {0x0100, 0x0100, 0xFFFE, 0x0100, 0x0100, 0x3FF8, 0x2108, 0x2108, 0x2108, 0x3FF8, 0x2388, 0x0540, 0x0920, 0x3118, 0xC106, 0x0100}},
    {0x676F, 16, {0x1000, 0x1000, 0x13FE, 0x1020, 0xFC20, 0x1040, 0x3840, 0x34D0, 0x5148, 0x5244, 0x9444, 0x1040, 0x1040, 0x1040, 0x1040, 0x1040}},
    {0x6771, 16, {0x0100, 0x0100, 0xFFFE, 0x0100, 0x0100, 0x3FF8, 0x2108, 0x3FF8, 0x2108, 0x3FF8, 0x2388, 0x0540, 0x0920, 0x3118, 0xC106, 0x0100}},
    {0x677E, 16, {0x1010, 0x1090, 0x1090, 0x1088, 0xFC88, 0x1124, 0x3124, 0x3A22, 0x5440, 0x5440, 0x9088, 0x1084, 0x1104, 0x13FE, 0x1102, 0x1000}},
    {0x677F, 16, {0x1008, 0x101C, 0x11E0, 0x1100, 0xFD00, 0x11FC, 0x3144, 0x3944, 0x5544, 0x5528, 0x9128, 0x1110, 0x1110, 0x1228, 0x1244, 0x1482}},
    {0x6790, 16, {0x1008, 0x101C, 0x11E0, 0x1100, 0xFD00, 0x1100, 0x31FE, 0x3910, 0x5510, 0x5110, 0x9110, 0x1110, 0x1110, 0x1210, 0x1210, 0x1410}},
    {0x6797, 16, {0x1020, 0x1020, 0x1020, 0x1020, 0xFDFE, 0x1020, 0x3070, 0x3870, 0x54A8, 0x50A8, 0x9124, 0x1222, 0x1420, 0x1020, 0x1020, 0x1020}},
    {0x679C, 16, {0x0000, 0x1FF0, 0x1110, 0x1110, 0x1FF0, 0x1110, 0x1110, 0x1FF0, 0x1110, 0x0100, 0xFFFE, 0x0540, 0x0920, 0x3118, 0xC106, 0x0100}},
    {0x679D, 16, {0x1020, 0x1020, 0x1020, 0x13FE, 0xFC20, 0x1020, 0x3020, 0x39FC, 0x5484, 0x5488, 0x9048, 0x1050, 0x1020, 0x1050, 0x1188, 0x1606}},
    {0x67B6, 16, {0x0800, 0x0800, 0x7F7C, 0x0944, 0x1144, 0x1144, 0x257C, 0x4200, 0x0100, 0x0100, 0xFFFE, 0x0540, 0x0920, 0x3118, 0xC106, 0x0100}},
    {0x67CF, 16, {0x1020, 0x1020, 0x1040, 0x11FC, 0xFD04, 0x1104, 0x3104, 0x3904, 0x55FC, 0x5504, 0x9104, 0x1104, 0x1104, 0x1104, 0x11FC, 0x1104}},
    {0x67D1, 16, {0x1088, 0x1088, 0x1088, 0x1088, 0xFDFE, 0x1088, 0x3088, 0x3888, 0x5488, 0x54F8, 0x9088, 0x1088, 0x1088, 0x1088, 0x10F8, 0x1088}},
    {0x67E5, 16, {0x0100, 0x0100, 0xFFFE, 0x0540, 0x0920, 0x1110, 0x3FF8, 0xD016, 0x1010, 0x1FF0, 0x1010, 0x1010, 0x1FF0, 0x0000, 0xFFFE, 0x0000}},
    {0x67EF, 16, {0x1000, 0x1000, 0x17FE, 0x1008, 0xFC08, 0x13C8, 0x3248, 0x3A48, 0x5648, 0x5248, 0x93C8, 0x1248, 0x1008, 0x1008, 0x1028, 0x1010}},
    {0x67F1, 16, {0x1040, 0x1020, 0x1000, 0x13FE, 0xFC20, 0x1020, 0x3020, 0x3820, 0x55FC, 0x5420, 0x9020, 0x1020, 0x1020, 0x1020, 0x13FE, 0x1000}},
    {0x67F3, 16, {0x1000, 0x1080, 0x131E, 0x1252, 0xFE52, 0x1252, 0x3252, 0x3A52, 0x5652, 0x52D2, 0x935A, 0x1254, 0x1090, 0x1090, 0x1110, 0x1210}},
    {0x67F4, 16, {0x0880, 0x0888, 0x2890, 0x2EA0, 0x28C0, 0x2884, 0x2E84, 0xF07C, 0x0100, 0x0100, 0xFFFE, 0x0540, 0x0920, 0x3118, 0xC106, 0x0100}},
    {0x6821, 16, {0x1040, 0x1020, 0x1020, 0x11FE, 0xFC00, 0x1088, 0x3104, 0x3A02, 0x5488, 0x5088, 0x9050, 0x1050, 0x1020, 0x1050, 0x1088, 0x1306}},
    {0x6822, 16, {0x1000, 0x13FE, 0x1020, 0x1020, 0xFC40, 0x11FC, 0x3104, 0x3904, 0x5504, 0x55FC, 0x9104, 0x1104, 0x1104, 0x1104, 0x11FC, 0x1104}},
    {0x6838, 16, {0x1020, 0x1010, 0x1010, 0x13FE, 0xFC20, 0x1042, 0x3084, 0x39F8, 0x5410, 0x5422, 0x90C4, 0x1308, 0x1010, 0x1028, 0x10C4, 0x1302}},
    {0x6839, 16, {0x1000, 0x13F8, 0x1208, 0x1208, 0xFBF8, 0x1208, 0x3208, 0x3BF8, 0x5644, 0x5248, 0x9230, 0x1220, 0x1210, 0x1288, 0x1306, 0x1200}},
    {0x683C, 16, {0x1080, 0x1080, 0x10F8, 0x1108, 0xFB10, 0x14A0, 0x3040, 0x38A0, 0x5518, 0x5206, 0x95F8, 0x1108, 0x1108, 0x1108, 0x11F8, 0x1108}},
    {0x6842, 16, {0x1020, 0x1020, 0x11FC, 0x1020, 0xFC20, 0x1020, 0x33FE, 0x3800, 0x5420, 0x5420, 0x91FC, 0x1020, 0x1020, 0x1020, 0x13FE, 0x1000}},
    {0x6843, 16, {0x1090, 0x1090, 0x1090, 0x1292, 0xFD94, 0x1098, 0x3090, 0x3998, 0x5694, 0x5492, 0x9090, 0x1090, 0x1112, 0x1112, 0x1212, 0x140E}},
    {0x6848, 16, {0x0100, 0x7FFC, 0x4004, 0x0400, 0xFFFE, 0x0820, 0x1E40, 0x03C0, 0x3C38, 0x0100, 0xFFFE, 0x0540, 0x0920, 0x3118, 0xC106, 0x0100}},
    {0x6849, 16, {0x1040, 0x1020, 0x1020, 0x13FE, 0xFE02, 0x1444, 0x3040, 0x3BFE, 0x5488, 0x5488, 0x9108, 0x10D0, 0x1020, 0x1050, 0x1088, 0x1304}},
    {0x6850, 16, {0x1000, 0x13FC, 0x1204, 0x1204, 0xFEF4, 0x1204, 0x3204, 0x3AF4, 0x5694, 0x5294, 0x9294, 0x12F4, 0x1204, 0x1204, 0x1214, 0x1208}},
    {0x6881, 16, {0x0000, 0x23F0, 0x1090, 0x8294, 0x5292, 0x2492, 0xE110, 0x2250, 0x2520, 0x0100, 0xFFFE, 0x0540, 0x0920, 0x3118, 0xC106, 0x0100}},
    {0x6885, 16, {0x1100, 0x1100, 0x11FC, 0x1200, 0xFDF8, 0x1108, 0x3948, 0x3528, 0x57FE, 0x5108, 0x9248, 0x1228, 0x13FC, 0x1008, 0x1050, 0x1020}},
    {0x6893, 16, {0x1040, 0x1020, 0x11FC, 0x1000, 0xFC88, 0x1050, 0x33FE, 0x3820, 0x5420, 0x5420, 0x91FC, 0x1020, 0x1020, 0x1020, 0x1020, 0x1020}},
    {0x689D, 16, {0x0840, 0x0840, 0x10FC, 0x1088, 0x3550, 0x5420, 0x94D8, 0x1726, 0x1420, 0x15FC, 0x1420, 0x14A8, 0x1524, 0x1222, 0x10A0, 0x1040}},
    {0x68A7, 16, {0x1000, 0x13FE, 0x1040, 0x1040, 0xFDFC, 0x1084, 0x3084, 0x3BFE, 0x5400, 0x5000, 0x91FC, 0x1104, 0x1104, 0x1104, 0x11FC, 0x1104}},
    {0x68A8, 16, {0x0308, 0x3C08, 0x0448, 0x7F48, 0x0C48, 0x1648, 0x2508, 0x4428, 0x0510, 0x0100, 0xFFFE, 0x0540, 0x0920, 0x3118, 0xC106, 0x0100}},
    {0x68AF, 16, {0x1108, 0x1088, 0x1090, 0x11FC, 0xFC24, 0x1024, 0x31FC, 0x3920, 0x5520, 0x51FE, 0x9062, 0x10A2, 0x112A, 0x1224, 0x1420, 0x1020}},
    {0x68C9, 16, {0x1020, 0x1040, 0x11FC, 0x1104, 0xFDFC, 0x1104, 0x31FC, 0x3820, 0x5420, 0x53FE, 0x9222, 0x1222, 0x122A, 0x1224, 0x1020, 0x1020}},
    {0x68CB, 16, {0x1108, 0x1108, 0x13FC, 0x1108, 0xFD08, 0x11F8, 0x3108, 0x3908, 0x55F8, 0x5108, 0x9108, 0x17FE, 0x1000, 0x1090, 0x1108, 0x1204}},
    {0x68DF, 16, {0x1020, 0x1020, 0x13FE, 0x1020, 0xFDFC, 0x1124, 0x31FC, 0x3924, 0x55FC, 0x5420, 0x9070, 0x10A8, 0x1124, 0x1622, 0x1020, 0x1020}},
    {0x68E0, 16, {0x0100, 0x1110, 0x0920, 0x7FFE, 0x4002, 0x9FF4, 0x1010, 0x1010, 0x1FF0, 0x0100, 0xFFFE, 0x0540, 0x0920, 0x3118, 0xC106, 0x0100}},
    {0x68E3, 16, {0x1020, 0x1020, 0x11FC, 0x1024, 0xFC24, 0x13FE, 0x3824, 0x3424, 0x51FC, 0x5222, 0x9174, 0x10A8, 0x1124, 0x1222, 0x10A0, 0x1040}},
    {0x690D, 16, {0x1020, 0x1020, 0x13FE, 0x1020, 0xFC20, 0x11FC, 0x3104, 0x39FC, 0x5504, 0x55FC, 0x9104, 0x11FC, 0x1104, 0x1104, 0x17FE, 0x1000}},
    {0x6930, 16, {0x2000, 0x2FDE, 0x2492, 0x2492, 0xF494, 0x2794, 0x2498, 0x7494, 0x6F92, 0xA492, 0xA492, 0x25DA, 0x2E94, 0x2090, 0x2090, 0x2090}},
    {0x694A, 16, {0x1000, 0x11F8, 0x1108, 0x11F8, 0xFD08, 0x11F8, 0x3000, 0x3BFE, 0x5500, 0x51FC, 0x9254, 0x1494, 0x1124, 0x1244, 0x10A8, 0x1110}},
    {0x6953, 16, {0x2000, 0x27FC, 0x2404, 0x2434, 0xFDC4, 0x2444, 0x25F4, 0x7554, 0x6D54, 0xA5F4, 0xA444, 0x2454, 0x25F4, 0x2494, 0x2806, 0x3002}},
    {0x696D, 16, {0x0440, 0x2448, 0x1450, 0xFFFE, 0x0820, 0x0440, 0x7FFC, 0x0100, 0x3FF8, 0x0100, 0xFFFE, 0x0540, 0x0920, 0x3118, 0xC106, 0x0100}},
    {0x6979, 16, {0x1000, 0x13F8, 0x1108, 0x1110, 0xFD1C, 0x12E4, 0x32A4, 0x3A54, 0x54A8, 0x5100, 0x93FC, 0x1294, 0x1294, 0x1294, 0x17FE, 0x1000}},
    {0x6994, 16, {0x1100, 0x109E, 0x13D2, 0x1252, 0xFE54, 0x13D4, 0x3258, 0x3A54, 0x57D2, 0x5212, 0x9292, 0x125A, 0x12D4, 0x1350, 0x1210, 0x1010}},
    {0x6995, 16, {0x1040, 0x1020, 0x13FE, 0x1202, 0xFC50, 0x1088, 0x3124, 0x3850, 0x5488, 0x5104, 0x92FA, 0x1088, 0x1088, 0x1088, 0x10F8, 0x1088}},
    {0x69AE, 16, {0x0820, 0x2AA4, 0x4D28, 0x1450, 0x2288, 0x7FFE, 0x4002, 0x8104, 0x0100, 0x7FFC, 0x0380, 0x0540, 0x0920, 0x3118, 0xC106, 0x0100}},
    {0x69D0, 16, {0x1020, 0x1040, 0x11FC, 0x1124, 0xFD24, 0x11FC, 0x3124, 0x3944, 0x55FC, 0x5440, 0x90B0, 0x10A4, 0x113C, 0x1122, 0x1222, 0x141E}},
    {0x6A02, 16, {0x2104, 0x2204, 0x47C8, 0x9452, 0xE45C, 0x47C8, 0x9452, 0xF45E, 0x17C2, 0x0100, 0xFFFE, 0x0540, 0x0920, 0x3118, 0xC106, 0x0100}},
    {0x6A13, 16, {0x1020, 0x11FC, 0x1124, 0x13FE, 0xFD24, 0x11FC, 0x3020, 0x39FC, 0x5524, 0x55FC, 0x9040, 0x13FE, 0x1088, 0x11D0, 0x1070, 0x138C}},
    {0x6A19, 16, {0x1000, 0x13FE, 0x1050, 0x11FC, 0xFD54, 0x1154, 0x31FC, 0x3800, 0x55FC, 0x5400, 0x93FE, 0x1020, 0x10A8, 0x1124, 0x12A2, 0x1040}},
    {0x6A1E, 16, {0x1000, 0x13FE, 0x1200, 0x127C, 0xFE44, 0x1244, 0x327C, 0x3A00, 0x56EE, 0x52AA, 0x92AA, 0x12AA, 0x12EE, 0x1200, 0x13FE, 0x1000}},
    {0x6A1F, 16, {0x1020, 0x11FC, 0x1088, 0x1050, 0xFBFE, 0x1000, 0x31FC, 0x3904, 0x55FC, 0x5104, 0x91FC, 0x1020, 0x13FE, 0x1020, 0x1020, 0x1020}},
    {0x6A21, 16, {0x1110, 0x1110, 0x17FC, 0x1110, 0xFC00, 0x13F8, 0x3208, 0x3BF8, 0x5608, 0x53F8, 0x9040, 0x17FC, 0x10A0, 0x1110, 0x1208, 0x1406}},
    {0x6A39, 16, {0x2104, 0x2104, 0x2FE4, 0x2104, 0xF93E, 0x27C4, 0x2004, 0x77E4, 0x6C54, 0xA454, 0xA7C4, 0x2444, 0x2284, 0x20E4, 0x2F14, 0x2408}},
    {0x6A4B, 16, {0x1018, 0x11E0, 0x1040, 0x13FE, 0xFC88, 0x1174, 0x3252, 0x3870, 0x5400, 0x55FC, 0x9104, 0x1174, 0x1154, 0x1174, 0x1104, 0x110C}},
    {0x6A5F, 16, {0x1124, 0x1124, 0x12AA, 0x13AE, 0xF924, 0x12AA, 0x33AE, 0x3924, 0x57FE, 0x5110, 0x9114, 0x1114, 0x128A, 0x124A, 0x1216, 0x1422}},
    {0x6A6B, 16, {0x1088, 0x1088, 0x13FE, 0x1088, 0xFCF8, 0x1000, 0x33FE, 0x3820, 0x55FC, 0x5524, 0x91FC, 0x1124, 0x11FC, 0x1088, 0x1104, 0x1202}},
    {0x6A94, 16, {0x1020, 0x1124, 0x10A8, 0x13FE, 0xFE02, 0x10F8, 0x3088, 0x3888, 0x54F8, 0x5400, 0x91FC, 0x1124, 0x11FC, 0x1124, 0x11FC, 0x1104}},
    {0x6AA2, 16, {0x1020, 0x1020, 0x1050, 0x1088, 0xFD04, 0x12FA, 0x3000, 0x3800, 0x55DC, 0x5554, 0x9154, 0x11DC, 0x1088, 0x1088, 0x1154, 0x1222}},
    {0x6AB3, 16, {0x2080, 0x2040, 0x27FE, 0x2402, 0xFBFC, 0x2148, 0x2250, 0x77FC, 0x6A04, 0xA7FC, 0xAA04, 0x23FC, 0x2204, 0x23FC, 0x2108, 0x2204}},
    {0x6AF8, 16, {0x2140, 0x226C, 0x2244, 0x236C, 0xFAA4, 0x23AC, 0x22A4, 0x77FE, 0x6908, 0xA244, 0xA5F2, 0x2040, 0x27FC, 0x2040, 0x2040, 0x2040}},
    {0x6B04, 16, {0x13DE, 0x1252, 0x13DE, 0x1252, 0xFBDE, 0x1222, 0x32FA, 0x3A22, 0x56FA, 0x52AA, 0x92FA, 0x12AA, 0x12FA, 0x1272, 0x12AA, 0x1226}},
    {0x6B16, 16, {0x2790, 0x251E, 0x27A8, 0x2484, 0xF7BE, 0x252A, 0x27BE, 0x7000, 0x6BF8, 0xA208, 0xA3F8, 0x2208, 0x23F8, 0x20A0, 0x2124, 0x261C}},
    {0x6B21, 16, {0x0080, 0x4080, 0x2080, 0x20FC, 0x0104, 0x0908, 0x0A40, 0x1440, 0x1040, 0xE0A0, 0x20A0, 0x2110, 0x2110, 0x2208, 0x2404, 0x0802}},
    {0x6B23, 16, {0x0220, 0x0720, 0x3820, 0x207E, 0x2042, 0x2084, 0x3F10, 0x2410, 0x2410, 0x2410, 0x2428, 0x2428, 0x2448, 0x4444, 0x4484, 0x8102}},
    {0x6B3D, 16, {0x1040, 0x1040, 0x2840, 0x247C, 0x4284, 0xBC88, 0x1120, 0x1020, 0xFE20, 0x1050, 0x9450, 0x5850, 0x5088, 0x1E88, 0xF104, 0x4202}},
    {0x6B4C, 16, {0x0020, 0xFF20, 0x0220, 0x7A7E, 0x4A42, 0x7A84, 0x0010, 0xFF10, 0x0210, 0x7A10, 0x4A28, 0x4A28, 0x7A28, 0x0244, 0x0A44, 0x0482}},
    {0x6B50, 16, {0x0020, 0xFFA0, 0x8020, 0x9F7E, 0x9142, 0x9184, 0x9F10, 0x8010, 0xBB90, 0xAA90, 0xAAA8, 0xAAA8, 0xBBA8, 0x8044, 0xFFC4, 0x0082}},
    {0x6B61, 16, {0x2220, 0x2220, 0xFFA0, 0x227E, 0x7742, 0x5584, 0x7710, 0x1210, 0x3F10, 0x6410, 0xBF28, 0x2428, 0x3F28, 0x2444, 0x3F44, 0x2082}},
    {0x6B63, 16, {0x0000, 0x7FFC, 0x0100, 0x0100, 0x0100, 0x0100, 0x1100, 0x11F8, 0x1100, 0x1100, 0x1100, 0x1100, 0x1100, 0x1100, 0xFFFE, 0x0000}},
    {0x6B64, 16, {0x0440, 0x0440, 0x0440, 0x2444, 0x2448, 0x2750, 0x2460, 0x2440, 0x2440, 0x2440, 0x2440, 0x2442, 0x2F42, 0xF042, 0x403E, 0x0000}},
    {0x6B65, 16, {0x0100, 0x0100, 0x11F8, 0x1100, 0x1100, 0x1100, 0xFFFE, 0x0100, 0x0100, 0x1108, 0x1110, 0x2120, 0x40C0, 0x0300, 0x1C00, 0xE000}},
    {0x6B77, 16, {0x3FFE, 0x2000, 0x230C, 0x3C70, 0x2410, 0x3F7E, 0x2410, 0x2E38, 0x3554, 0x2492, 0x2080, 0x24F8, 0x4480, 0x4480, 0xBFFE, 0x0000}},
    {0x6BB5, 16, {0x0600, 0x38F8, 0x2088, 0x2088, 0x2088, 0x3C86, 0x2100, 0x2000, 0x3DFC, 0x2084, 0x2088, 0x2C50, 0xF020, 0x2050, 0x2088, 0x2306}},
    {0x6BCD, 16, {0x0000, 0x1FF0, 0x1010, 0x1210, 0x1110, 0x1110, 0xFFFE, 0x2010, 0x2210, 0x2110, 0x2110, 0x3FFC, 0x0010, 0x0010, 0x00A0, 0x0040}},
    {0x6BCF, 16, {0x1000, 0x1FFC, 0x2000, 0x2000, 0x5FF0, 0x9010, 0x1210, 0x1110, 0xFFFE, 0x2010, 0x2210, 0x2110, 0x3FFC, 0x0010, 0x00A0, 0x0040}},
    {0x6BD3, 16, {0x4020, 0x4010, 0x7DFE, 0x8020, 0x7C48, 0x4484, 0x65FE, 0x5402, 0xFEA8, 0x44A8, 0xA4A8, 0x94A8, 0xFEAA, 0x052A, 0x2926, 0x1200}},
    {0x6BDB, 16, {0x0010, 0x01F8, 0x7E00, 0x0200, 0x0200, 0x03F0, 0x3E00, 0x0200, 0x0200, 0x03FC, 0xFE00, 0x0200, 0x0204, 0x0204, 0x0204, 0x01FC}},
    {0x6C11, 16, {0x0000, 0x3FF8, 0x2008, 0x2008, 0x2008, 0x3FF8, 0x2080, 0x2080, 0x3FFC, 0x2080, 0x2040, 0x2040, 0x2424, 0x2814, 0x300C, 0x2004}},
    {0x6C23, 16, {0x1000, 0x1000, 0x3FFC, 0x2000, 0x4FF0, 0x8000, 0x3FF0, 0x0410, 0x2490, 0x1510, 0x7FD0, 0x0E10, 0x150A, 0x248A, 0x4446, 0x0402}},
    {0x6C34, 16, {0x0100, 0x0100, 0x0100, 0x0108, 0x0108, 0x7D90, 0x05A0, 0x0940, 0x0940, 0x1120, 0x1110, 0x2108, 0x4106, 0x8100, 0x0500, 0x0200}},
    {0x6C38, 16, {0x0200, 0x0100, 0x0080, 0x1F00, 0x0104, 0x0108, 0x7D90, 0x05A0, 0x0540, 0x0940, 0x0920, 0x1110, 0x2108, 0xC106, 0x0500, 0x0200}},
    {0x6C40, 16, {0x0000, 0x2000, 0x13FE, 0x1020, 0x8020, 0x4020, 0x4820, 0x0820, 0x1020, 0x1020, 0xE020, 0x2020, 0x2020, 0x2020, 0x20A0, 0x0040}},
    {0x6C42, 16, {0x0120, 0x0110, 0x0100, 0x7FFC, 0x0100, 0x2108, 0x1110, 0x09A0, 0x0340, 0x0520, 0x0910, 0x1108, 0x6106, 0x0100, 0x0500, 0x0200}},
    {0x6C5D, 16, {0x0080, 0x2080, 0x1080, 0x1080, 0x8FFE, 0x4108, 0x4108, 0x1208, 0x1210, 0x2610, 0xE1A0, 0x2040, 0x20A0, 0x2110, 0x2208, 0x0C04}},
    {0x6C5F, 16, {0x0000, 0x2000, 0x17FC, 0x1040, 0x8040, 0x4040, 0x4840, 0x0840, 0x1040, 0x1040, 0xE040, 0x2040, 0x2040, 0x2FFE, 0x2000, 0x0000}},
    {0x6C60, 16, {0x0040, 0x2040, 0x1240, 0x1258, 0x8268, 0x42C8, 0x5348, 0x1E48, 0x1248, 0x2248, 0xE258, 0x2242, 0x2202, 0x2202, 0x21FE, 0x0000}},
    {0x6C61, 16, {0x0000, 0x23F8, 0x1000, 0x1000, 0x8000, 0x47FE, 0x4080, 0x1080, 0x1100, 0x21F8, 0xE008, 0x2008, 0x2008, 0x2008, 0x2050, 0x0020}},
    {0x6C90, 16, {0x0040, 0x2040, 0x1040, 0x1040, 0x87FE, 0x4040, 0x48E0, 0x08E0, 0x1150, 0x1150, 0xE248, 0x2444, 0x2842, 0x2040, 0x2040, 0x0040}},
    {0x6C92, 16, {0x0080, 0x2080, 0x10FC, 0x1104, 0x8104, 0x4228, 0x4810, 0x0BFC, 0x1104, 0x1088, 0xE088, 0x2050, 0x2020, 0x2050, 0x2188, 0x0606}},
    {0x6C99, 16, {0x0040, 0x2040, 0x1040, 0x1148, 0x8144, 0x4242, 0x4242, 0x1448, 0x1048, 0x2048, 0xE010, 0x2010, 0x2020, 0x2040, 0x2180, 0x0600}},
    {0x6C9B, 16, {0x0040, 0x4040, 0x2040, 0x2FFE, 0x0040, 0x8040, 0x47FC, 0x5444, 0x1444, 0x2444, 0xE444, 0x2454, 0x2448, 0x2040, 0x2040, 0x0040}},
    {0x6CB3, 16, {0x0000, 0x2000, 0x17FE, 0x1008, 0x8008, 0x43C8, 0x4248, 0x1248, 0x1248, 0x2248, 0xE3C8, 0x2248, 0x2008, 0x2008, 0x2028, 0x0010}},
    {0x6CB9, 16, {0x0040, 0x2040, 0x1040, 0x1040, 0x87FC, 0x4444, 0x4444, 0x1444, 0x1444, 0x27FC, 0xE444, 0x2444, 0x2444, 0x2444, 0x27FC, 0x0404}},
    {0x6CBB, 16, {0x0040, 0x2040, 0x1080, 0x1110, 0x8208, 0x47FC, 0x4004, 0x1000, 0x13F8, 0x2208, 0xE208, 0x2208, 0x2208, 0x2208, 0x23F8, 0x0208}},
    {0x6CBE, 16, {0x0040, 0x2040, 0x1040, 0x107E, 0x8040, 0x4040, 0x4840, 0x0840, 0x13FC, 0x1204, 0xE204, 0x2204, 0x2204, 0x2204, 0x23FC, 0x0204}},
    {0x6CC1, 16, {0x0000, 0x27F8, 0x1408, 0x1408, 0x8408, 0x4408, 0x47F8, 0x1120, 0x1120, 0x2120, 0xE120, 0x2220, 0x2222, 0x2422, 0x281E, 0x1000}},
    {0x6CC9, 16, {0x0100, 0x0200, 0x1FF0, 0x1010, 0x1010, 0x1FF0, 0x1010, 0x1010, 0x1FF0, 0x0104, 0x7D88, 0x0950, 0x1120, 0x2118, 0xC506, 0x0200}},
    {0x6CD3, 16, {0x0008, 0x2788, 0x1088, 0x1088, 0x8088, 0x4788, 0x4408, 0x1410, 0x1410, 0x2790, 0xE094, 0x20A4, 0x20A2, 0x20BE, 0x2502, 0x0200}},
    {0x6CD5, 16, {0x0040, 0x2040, 0x1040, 0x1040, 0x87FC, 0x4040, 0x4040, 0x1040, 0x1FFE, 0x2040, 0xE080, 0x2100, 0x2210, 0x2408, 0x2FFC, 0x0404}},
    {0x6CE2, 16, {0x0020, 0x2020, 0x1020, 0x13FE, 0x8222, 0x4224, 0x4A20, 0x0BFC, 0x1284, 0x1288, 0xE248, 0x2250, 0x2220, 0x2450, 0x2488, 0x0906}},
    {0x6CE5, 16, {0x0000, 0x23FC, 0x1204, 0x1204, 0x8204, 0x43FC, 0x4A00, 0x0A40, 0x1244, 0x1248, 0xE270, 0x2240, 0x2442, 0x2442, 0x283E, 0x1000}},
    {0x6CE8, 16, {0x0080, 0x2040, 0x1000, 0x17FC, 0x8040, 0x4040, 0x4040, 0x1040, 0x13FC, 0x2040, 0xE040, 0x2040, 0x2040, 0x2040, 0x2FFE, 0x0000}},
    {0x6CF0, 16, {0x0100, 0x0100, 0x7FFC, 0x0100, 0x3FF8, 0x0200, 0xFFFE, 0x0440, 0x0920, 0x3118, 0xCB26, 0x05C0, 0x1930, 0x6108, 0x0500, 0x0200}},
    {0x6CF3, 16, {0x0080, 0x2040, 0x1020, 0x13C0, 0x8044, 0x4044, 0x4F48, 0x1150, 0x1160, 0x2160, 0xE250, 0x2448, 0x2844, 0x3042, 0x2140, 0x0080}},
    {0x6D0B, 16, {0x0208, 0x2108, 0x1110, 0x1000, 0x87FC, 0x4040, 0x4040, 0x13F8, 0x1040, 0x2040, 0xE7FE, 0x2040, 0x2040, 0x2040, 0x2040, 0x0040}},
    {0x6D17, 16, {0x0040, 0x2240, 0x1240, 0x13FC, 0x8440, 0x4840, 0x4040, 0x17FE, 0x1120, 0x2120, 0xE120, 0x2120, 0x2222, 0x2222, 0x241E, 0x0800}},
    {0x6D1E, 16, {0x0000, 0x27FC, 0x1404, 0x1404, 0x85F4, 0x4404, 0x4404, 0x15F4, 0x1514, 0x2514, 0xE514, 0x25F4, 0x2404, 0x2404, 0x2414, 0x0408}},
    {0x6D25, 16, {0x0040, 0x2040, 0x13F8, 0x1048, 0x87FE, 0x4048, 0x4BF8, 0x0840, 0x1040, 0x13F8, 0xE040, 0x2040, 0x27FC, 0x2040, 0x2040, 0x0040}},
    {0x6D2A, 16, {0x0110, 0x2110, 0x1110, 0x1110, 0x87FC, 0x4110, 0x4110, 0x1110, 0x1110, 0x2FFE, 0xE000, 0x2110, 0x2108, 0x2208, 0x2404, 0x0804}},
    {0x6D32, 16, {0x0104, 0x2124, 0x1124, 0x1124, 0x8124, 0x4124, 0x45B4, 0x156C, 0x1924, 0x2124, 0xE124, 0x2124, 0x2124, 0x2224, 0x2204, 0x0404}},
    {0x6D3B, 16, {0x0010, 0x2078, 0x13C0, 0x1040, 0x8040, 0x47FE, 0x4040, 0x1040, 0x1040, 0x23F8, 0xE208, 0x2208, 0x2208, 0x2208, 0x23F8, 0x0208}},
    {0x6D41, 16, {0x0080, 0x2040, 0x17FE, 0x1080, 0x8110, 0x4208, 0x47FC, 0x1004, 0x1000, 0x2248, 0xE248, 0x2248, 0x2248, 0x224A, 0x244A, 0x0846}},
    {0x6D59, 16, {0x0208, 0x421C, 0x2260, 0x2240, 0x0FC0, 0x8240, 0x427E, 0x52C8, 0x1348, 0x2E48, 0xE248, 0x2248, 0x2248, 0x2248, 0x2A88, 0x0508}},
    {0x6D66, 16, {0x0048, 0x4044, 0x2FFE, 0x2040, 0x0040, 0x87FC, 0x4444, 0x5444, 0x17FC, 0x2444, 0xE444, 0x27FC, 0x2444, 0x2444, 0x2454, 0x0408}},
    {0x6D69, 16, {0x0040, 0x2240, 0x1240, 0x13FC, 0x8440, 0x4840, 0x4040, 0x17FE, 0x1000, 0x2000, 0xE3F8, 0x2208, 0x2208, 0x2208, 0x23F8, 0x0208}},
    {0x6D6A, 16, {0x0080, 0x2040, 0x13F8, 0x1208, 0x8208, 0x43F8, 0x4A08, 0x0A08, 0x13F8, 0x1240, 0xE244, 0x2228, 0x2210, 0x2288, 0x2306, 0x0200}},
    {0x6D6E, 16, {0x0008, 0x203C, 0x13C0, 0x1004, 0x8244, 0x4128, 0x4800, 0x0BF8, 0x1010, 0x1020, 0xE7FE, 0x2020, 0x2020, 0x2020, 0x20A0, 0x0040}},
    {0x6D77, 16, {0x0100, 0x2100, 0x11FC, 0x1200, 0x85F8, 0x4108, 0x4948, 0x0928, 0x17FE, 0x1108, 0xE248, 0x2228, 0x23FC, 0x2008, 0x2050, 0x0020}},
    {0x6D78, 16, {0x0000, 0x23F8, 0x1008, 0x11F8, 0x8008, 0x43F8, 0x4000, 0x17FC, 0x1404, 0x23F0, 0xE110, 0x2110, 0x20A0, 0x2040, 0x21B0, 0x060E}},
    {0x6D88, 16, {0x0040, 0x2248, 0x1148, 0x1150, 0x8040, 0x43F8, 0x4A08, 0x0A08, 0x13F8, 0x1208, 0xE208, 0x23F8, 0x2208, 0x2208, 0x2228, 0x0210}},
    {0x6D8C, 16, {0x0000, 0x27F8, 0x1010, 0x11A0, 0x8040, 0x47FC, 0x4444, 0x1444, 0x17FC, 0x2444, 0xE444, 0x27FC, 0x2444, 0x2444, 0x2454, 0x0408}},
    {0x6DBC, 16, {0x0080, 0x2040, 0x17FE, 0x1000, 0x8000, 0x43F8, 0x4A08, 0x0A08, 0x13F8, 0x1040, 0xE250, 0x2248, 0x2444, 0x2844, 0x2140, 0x0080}},
    {0x6DD8, 16, {0x0100, 0x2100, 0x11FC, 0x1204, 0x8504, 0x41E4, 0x4284, 0x1084, 0x17F4, 0x2084, 0xE2A4, 0x22A4, 0x23E4, 0x2004, 0x2028, 0x0010}},
    {0x6DE8, 16, {0x003C, 0x27C0, 0x1244, 0x1128, 0x8000, 0x43F8, 0x4848, 0x0848, 0x17FE, 0x1048, 0xE048, 0x23F8, 0x2048, 0x2040, 0x2140, 0x0080}},
    {0x6DF1, 16, {0x0000, 0x27FC, 0x1404, 0x14A4, 0x8110, 0x4208, 0x4040, 0x1040, 0x17FC, 0x2040, 0xE0E0, 0x2150, 0x2248, 0x2C46, 0x2040, 0x0040}},
    {0x6DFA, 16, {0x00A0, 0x2090, 0x10BC, 0x17C8, 0x8050, 0x4064, 0x5194, 0x1E0C, 0x10A0, 0x2090, 0xE0BC, 0x27C8, 0x2050, 0x2064, 0x2194, 0x0E0C}},
    {0x6E05, 16, {0x0040, 0x2040, 0x17FC, 0x1040, 0x83F8, 0x4040, 0x47FE, 0x1000, 0x13F8, 0x2208, 0xE3F8, 0x2208, 0x23F8, 0x2208, 0x2228, 0x0210}},
    {0x6E1B, 16, {0x0014, 0x2012, 0x1010, 0x17FE, 0x8410, 0x4410, 0x45D0, 0x1412, 0x1412, 0x25D4, 0xE554, 0x2548, 0x25DA, 0x242A, 0x2846, 0x1082}},
    {0x6E20, 16, {0x23FC, 0x1200, 0x83F8, 0x4A08, 0x0A08, 0x13F8, 0xE200, 0x23FC, 0x2100, 0x0100, 0xFFFE, 0x0540, 0x0920, 0x3118, 0xC106, 0x0100}},
    {0x6E21, 16, {0x0040, 0x2020, 0x17FE, 0x1488, 0x8488, 0x47FE, 0x4488, 0x14F8, 0x1400, 0x25FC, 0xE484, 0x2488, 0x2450, 0x2820, 0x28D8, 0x1306}},
    {0x6E23, 16, {0x0040, 0x2040, 0x17FC, 0x10E0, 0x8150, 0x4248, 0x4446, 0x13F8, 0x1208, 0x23F8, 0xE208, 0x23F8, 0x2208, 0x2000, 0x2FFE, 0x0000}},
    {0x6E2C, 16, {0x0002, 0x27C2, 0x1442, 0x1452, 0x87D2, 0x4452, 0x4452, 0x17D2, 0x1452, 0x2452, 0xE7D2, 0x2002, 0x2282, 0x2242, 0x244A, 0x0804}},
    {0x6E2F, 16, {0x0110, 0x2110, 0x17FC, 0x1110, 0x8110, 0x4FFE, 0x4110, 0x1208, 0x17F4, 0x2A12, 0xE210, 0x23F0, 0x2204, 0x2204, 0x21FC, 0x0000}},
    {0x6E38, 16, {0x0210, 0x2110, 0x1110, 0x17BE, 0x8220, 0x4240, 0x43BC, 0x1284, 0x1288, 0x2288, 0xE2BE, 0x2288, 0x2488, 0x2488, 0x29A8, 0x1010}},
    {0x6E44, 16, {0x0000, 0x23FC, 0x1224, 0x1224, 0x83FC, 0x4200, 0x4AFC, 0x0A84, 0x1284, 0x12FC, 0xE284, 0x22FC, 0x2484, 0x2484, 0x28FC, 0x1084}},
    {0x6E56, 16, {0x0100, 0x211E, 0x1112, 0x17D2, 0x8112, 0x411E, 0x4112, 0x17D2, 0x1452, 0x245E, 0xE452, 0x27D2, 0x2452, 0x2022, 0x202A, 0x0044}},
    {0x6E6F, 16, {0x0000, 0x23F8, 0x1208, 0x13F8, 0x8208, 0x43F8, 0x5000, 0x1FFE, 0x1200, 0x23FC, 0xE494, 0x2924, 0x2244, 0x2484, 0x2128, 0x0210}},
    {0x6E90, 16, {0x0000, 0x27FE, 0x1420, 0x1440, 0x85FC, 0x4504, 0x45FC, 0x1504, 0x15FC, 0x2524, 0xE420, 0x24A8, 0x2924, 0x2A22, 0x30A0, 0x0040}},
    {0x6E96, 16, {0x2140, 0x1120, 0x83FC, 0x5240, 0x17F8, 0x2A40, 0xE3F8, 0x2240, 0x23FC, 0x2200, 0x0100, 0xFFFE, 0x0100, 0x0100, 0x0100, 0x0100}},
    {0x6EAA, 16, {0x003C, 0x27C0, 0x1244, 0x1128, 0x8080, 0x4110, 0x43E0, 0x1040, 0x1188, 0x23FC, 0xE044, 0x2040, 0x27FC, 0x20A0, 0x2110, 0x060E}},
    {0x6EAB, 16, {0x4000, 0x23F8, 0x2248, 0x0A48, 0x8AA8, 0x5308, 0x53F8, 0x2208, 0x2000, 0xC7FC, 0x44A4, 0x44A4, 0x44A4, 0x44A4, 0x4FFE, 0x0000}},
    {0x6ED8, 16, {0x0000, 0x47FE, 0x2402, 0x2914, 0x0208, 0x85F4, 0x4040, 0x5040, 0x17FC, 0x2000, 0xE000, 0x23F8, 0x2208, 0x2208, 0x23F8, 0x0208}},
    {0x6ED9, 16, {0x0000, 0x27FE, 0x1450, 0x1488, 0x85FE, 0x4690, 0x44FC, 0x1490, 0x14FC, 0x2490, 0xE490, 0x24FE, 0x2480, 0x2400, 0x27FE, 0x0000}},
    {0x6EFE, 16, {0x0080, 0x2040, 0x17FC, 0x1110, 0x8208, 0x45F4, 0x4110, 0x1110, 0x11F0, 0x2088, 0xE150, 0x2320, 0x2510, 0x2948, 0x2186, 0x0100}},
    {0x6EFF, 16, {0x0110, 0x2110, 0x17FC, 0x1110, 0x8110, 0x41F0, 0x4040, 0x17FC, 0x1444, 0x2664, 0xE554, 0x26EC, 0x2444, 0x2444, 0x2454, 0x0448}},
    {0x6F01, 16, {0x0100, 0x2100, 0x13F0, 0x1210, 0x8420, 0x4FFC, 0x5444, 0x1444, 0x17FC, 0x2444, 0xE444, 0x27FC, 0x2000, 0x2524, 0x2492, 0x0892}},
    {0x6F06, 16, {0x0040, 0x2040, 0x17FC, 0x10E0, 0x8158, 0x4644, 0x40A0, 0x1110, 0x1248, 0x2C46, 0xE248, 0x2150, 0x2248, 0x2444, 0x2140, 0x0080}},
    {0x6F14, 16, {0x0080, 0x2040, 0x17FC, 0x1404, 0x8000, 0x43F8, 0x4040, 0x13F8, 0x1248, 0x23F8, 0xE248, 0x23F8, 0x2000, 0x2110, 0x2208, 0x0404}},
    {0x6F22, 16, {0x0110, 0x2110, 0x17FE, 0x1110, 0x81F0, 0x4040, 0x4BF8, 0x0A48, 0x13F8, 0x1040, 0xE7FC, 0x2040, 0x2FFE, 0x20A0, 0x2110, 0x060C}},
    {0x6F54, 16, {0x0100, 0x27BC, 0x1114, 0x1394, 0x8114, 0x47A4, 0x414C, 0x1080, 0x1110, 0x23E0, 0xE048, 0x27FC, 0x2044, 0x2248, 0x2544, 0x0080}},
    {0x6F6D, 16, {0x0000, 0x27FC, 0x10A0, 0x17FC, 0x84A4, 0x47FC, 0x4000, 0x13F8, 0x1208, 0x23F8, 0xE208, 0x23F8, 0x2040, 0x27FC, 0x2040, 0x0040}},
    {0x6F6E, 16, {0x0100, 0x411E, 0x27D2, 0x2112, 0x0112, 0x87DE, 0x4452, 0x57D2, 0x1452, 0x27DE, 0xE112, 0x2112, 0x2FD2, 0x2122, 0x212A, 0x0144}},
    {0x6F84, 16, {0x0020, 0x27A4, 0x10A8, 0x1292, 0x8114, 0x4208, 0x55F4, 0x1802, 0x13F8, 0x2208, 0xE208, 0x23F8, 0x2208, 0x2110, 0x2FFE, 0x0000}},
    {0x6F97, 16, {0x0000, 0x27BC, 0x14A4, 0x17BC, 0x84A4, 0x47BC, 0x4404, 0x15F4, 0x1514, 0x25F4, 0xE514, 0x25F4, 0x2514, 0x2404, 0x2414, 0x0408}},
    {0x6FA4, 16, {0x0000, 0x27FC, 0x14A4, 0x17FC, 0x8040, 0x43F8, 0x4040, 0x17FC, 0x1110, 0x20A0, 0xE3F8, 0x2040, 0x2FFE, 0x2040, 0x2040, 0x0040}},
    {0x6FB3, 16, {0x0080, 0x2100, 0x17FC, 0x1444, 0x8554, 0x4444, 0x47FC, 0x14E4, 0x1554, 0x2404, 0xE040, 0x2FFE, 0x20A0, 0x2110, 0x2208, 0x0C06}},
    {0x6FD5, 16, {0x0000, 0x27FC, 0x1404, 0x17FC, 0x8404, 0x47FC, 0x4210, 0x14A4, 0x1738, 0x2210, 0xE4A4, 0x27BC, 0x2000, 0x2548, 0x24A4, 0x08A4}},
    {0x6FDF, 16, {0x0080, 0x2040, 0x17FC, 0x1110, 0x80A4, 0x4F58, 0x4554, 0x1552, 0x1B58, 0x2000, 0xE208, 0x23F8, 0x2208, 0x23F8, 0x2208, 0x0408}},
    {0x6FE4, 16, {0x0040, 0x27FC, 0x1040, 0x13FC, 0x8000, 0x47FE, 0x4002, 0x13F8, 0x1040, 0x27FE, 0xE000, 0x27FE, 0x2008, 0x27FE, 0x24A8, 0x0798}},
    {0x6FF1, 16, {0x0080, 0x4040, 0x27FE, 0x2402, 0x0BFC, 0x8148, 0x4250, 0x57FC, 0x1204, 0x27FC, 0xEA04, 0x23FC, 0x2204, 0x23FC, 0x2108, 0x0204}},
    {0x7005, 16, {0x0110, 0x4554, 0x25B8, 0x2910, 0x02A8, 0x8444, 0x4FFE, 0x4802, 0x13F8, 0x2040, 0xE040, 0x23F8, 0x2050, 0x2048, 0x2FFE, 0x0000}},
    {0x701B, 16, {0x0080, 0xBFFC, 0x4800, 0x0FF8, 0x8000, 0x4FF8, 0x4808, 0x0FF8, 0x2080, 0x5C9C, 0xD7D4, 0x5D54, 0x555C, 0x5C96, 0x5556, 0x2E22}},
    {0x701D, 16, {0x0000, 0x27FE, 0x1444, 0x1598, 0x8488, 0x47DE, 0x4488, 0x15DC, 0x16AA, 0x2488, 0xE420, 0x2520, 0x253C, 0x2920, 0x2920, 0x17FE}},
    {0x7058, 16, {0x4518, 0x2514, 0x2F90, 0x853E, 0x4728, 0x4268, 0x0FBE, 0x2AA8, 0x2FA8, 0x423E, 0xCFA8, 0x4228, 0x5FE8, 0x453E, 0x48A0, 0x1060}},
    {0x705D, 16, {0x4000, 0x2FBE, 0x2888, 0x8F90, 0x48BE, 0x4FA2, 0x0222, 0x3FFE, 0x2022, 0x4FBE, 0xC8A2, 0x4FA2, 0x423E, 0x4A80, 0x5254, 0x0622}},
    {0x7063, 16, {0x4444, 0x28E8, 0x2E0E, 0x84E4, 0x4A0A, 0x4EEE, 0x00A0, 0x2AEA, 0x2000, 0x47F8, 0xC008, 0x47F8, 0x4400, 0x47FC, 0x4004, 0x0038}},
    {0x706B, 16, {0x0100, 0x0100, 0x0100, 0x1108, 0x1108, 0x1110, 0x2120, 0x2100, 0x4280, 0x0280, 0x0440, 0x0440, 0x0820, 0x1010, 0x2008, 0xC006}},
    {0x7070, 16, {0x0400, 0x0400, 0x0400, 0xFFFE, 0x0400, 0x0840, 0x0840, 0x0848, 0x1248, 0x1250, 0x2440, 0x20A0, 0x40A0, 0x8110, 0x0208, 0x0C06}},
    {0x7076, 16, {0x1020, 0x1020, 0x1020, 0x1020, 0x5420, 0x5820, 0x51FC, 0x9020, 0x1020, 0x1020, 0x1020, 0x2820, 0x2420, 0x4420, 0x43FE, 0x8000}},
    {0x70AD, 16, {0x0100, 0x2108, 0x2108, 0x3FF8, 0x0800, 0x0800, 0xFFFE, 0x1080, 0x1088, 0x1488, 0x2490, 0x2940, 0x4140, 0x8220, 0x0C18, 0x3006}},
    {0x70AE, 16, {0x1080, 0x1080, 0x11FC, 0x1504, 0x5A04, 0x55F4, 0x5114, 0x9114, 0x1114, 0x11F4, 0x1104, 0x2928, 0x2512, 0x4502, 0x40FE, 0x8000}},
    {0x70B3, 16, {0x1000, 0x13FE, 0x1020, 0x1420, 0x5820, 0x53FE, 0x5222, 0x9222, 0x1252, 0x124A, 0x128A, 0x2B02, 0x2602, 0x4202, 0x420A, 0x8204}},
    {0x70BA, 16, {0x0200, 0x1200, 0x0A00, 0x7FF0, 0x0420, 0x0440, 0x0FF8, 0x0808, 0x1010, 0x1FFC, 0x2004, 0x2AA4, 0x4AA4, 0x9004, 0x0028, 0x0010}},
    {0x70C8, 16, {0x0004, 0x7F84, 0x0824, 0x0824, 0x1F24, 0x2124, 0x5124, 0x0A24, 0x0404, 0x0814, 0x3008, 0xC000, 0x2488, 0x2244, 0x4244, 0x8004}},
    {0x70CF, 16, {0x0200, 0x0400, 0x1FF0, 0x1010, 0x1010, 0x1FF0, 0x1000, 0x1FFE, 0x1000, 0x1FFC, 0x0004, 0x0924, 0x2494, 0x2494, 0x4028, 0x0010}},
    {0x70E4, 16, {0x1040, 0x1044, 0x11F4, 0x1048, 0x5450, 0x5BFE, 0x5040, 0x9080, 0x11FE, 0x1240, 0x1480, 0x28FC, 0x2404, 0x4404, 0x4028, 0x8010}},
    {0x7121, 16, {0x1000, 0x1000, 0x1FFC, 0x2AA0, 0x4AA0, 0x0AA0, 0x7FFC, 0x0AA0, 0x0AA0, 0x0AA0, 0x7FFC, 0x0000, 0x2488, 0x2244, 0x4244, 0x8004}},
    {0x7136, 16, {0x1020, 0x1028, 0x1E24, 0x2220, 0x33FE, 0x4A20, 0xA450, 0x1450, 0x0888, 0x1088, 0x2104, 0x4202, 0x0000, 0x4888, 0x4444, 0x8444}},
    {0x7159, 16, {0x1000, 0x13FE, 0x1050, 0x1450, 0x5BFE, 0x5252, 0x5252, 0x9252, 0x13FE, 0x1020, 0x1020, 0x2BFE, 0x2420, 0x4020, 0x47FE, 0x8000}},
    {0x715C, 16, {0x1000, 0x11FC, 0x1104, 0x15FC, 0x5904, 0x51FC, 0x5104, 0x9040, 0x1020, 0x13FE, 0x1000, 0x2904, 0x2488, 0x4000, 0x47FE, 0x8000}},
    {0x7164, 16, {0x1088, 0x1088, 0x13FE, 0x1088, 0x5488, 0x58F8, 0x5088, 0x9088, 0x10F8, 0x1020, 0x13FE, 0x2870, 0x24A8, 0x4524, 0x4222, 0x8020}},
    {0x7167, 16, {0x0000, 0x7DFC, 0x4444, 0x4444, 0x4444, 0x4494, 0x7D08, 0x44FC, 0x4484, 0x4484, 0x4484, 0x7CFC, 0x0000, 0x4888, 0x4444, 0x8444}},
    {0x7199, 16, {0x0000, 0x7F7C, 0x4444, 0x4444, 0x5F44, 0x517C, 0x5140, 0x5F40, 0x4442, 0x4442, 0x7FBE, 0x0000, 0x2488, 0x2244, 0x4244, 0x8004}},
    {0x719F, 16, {0x1040, 0xFE40, 0x0040, 0x7DF8, 0x4448, 0x7C48, 0x00C8, 0x7C48, 0x08AA, 0xFEAA, 0x1106, 0x5202, 0x2000, 0x4888, 0x4444, 0x8444}},
    {0x71B1, 16, {0x1040, 0x1040, 0x7C40, 0x10F8, 0xFE48, 0x4448, 0x92C8, 0x7C48, 0x10AA, 0x1CAA, 0xE106, 0x4202, 0x0000, 0x4888, 0x4444, 0x8444}},
    {0x71B9, 16, {0x0100, 0x7FFC, 0x0100, 0x3FF8, 0x0000, 0x3FF8, 0x2008, 0x3FF8, 0x0820, 0xFFFE, 0x0000, 0x3FF8, 0x2008, 0x3FF8, 0x2488, 0x4244}},
    {0x71C3, 16, {0x1110, 0x1114, 0x11D2, 0x1650, 0x5A7E, 0x5550, 0x5090, 0x92A8, 0x1128, 0x1144, 0x1244, 0x2C82, 0x2408, 0x42A4, 0x4252, 0x8452}},
    {0x71D2, 16, {0x1020, 0x1020, 0x11FC, 0x1420, 0x5BFE, 0x5108, 0x539C, 0x9108, 0x1188, 0x163E, 0x1000, 0x2BFE, 0x2490, 0x4490, 0x4112, 0x820E}},
    {0x71D5, 16, {0x0440, 0xFFFE, 0x0440, 0x0440, 0x17D0, 0x1012, 0xF01C, 0x17D0, 0x1450, 0x3452, 0xD7D2, 0x100E, 0x0000, 0x4888, 0x4444, 0x8444}},
    {0x71DF, 16, {0x0820, 0x2AA4, 0x4D28, 0x1450, 0x2288, 0x7FFE, 0x4002, 0x9FF4, 0x1010, 0x1FF0, 0x0000, 0x3FF8, 0x2008, 0x2008, 0x3FF8, 0x2008}},
    {0x71E5, 16, {0x10F8, 0x1088, 0x1088, 0x14F8, 0x5800, 0x51DC, 0x5154, 0x9154, 0x11DC, 0x1020, 0x13FE, 0x2870, 0x24A8, 0x4124, 0x4222, 0x8020}},
    {0x7235, 16, {0x00FC, 0x7F00, 0x2208, 0x1110, 0x7FFC, 0x4444, 0x7FFC, 0x0008, 0x7E08, 0x42FE, 0x7E08, 0x4248, 0x7E28, 0x4808, 0x7428, 0x4210}},
    {0x723E, 16, {0x0000, 0x7FFC, 0x2108, 0x4104, 0xBFFA, 0x2108, 0x3558, 0x2928, 0x3558, 0x2108, 0x3558, 0x2928, 0x3558, 0x2108, 0x2128, 0x2010}},
    {0x7248, 16, {0x0808, 0x481C, 0x49E0, 0x4900, 0x4900, 0x7DFC, 0x4144, 0x4144, 0x7944, 0x4928, 0x4928, 0x4910, 0x4910, 0x4A28, 0x4A44, 0x8C82}},
    {0x724C, 16, {0x0840, 0x4880, 0x49FC, 0x4924, 0x4924, 0x7DFC, 0x4124, 0x4144, 0x79FC, 0x4890, 0x4910, 0x4BFE, 0x4810, 0x4810, 0x4810, 0x8810}},
    {0x725B, 16, {0x0100, 0x1100, 0x1100, 0x1100, 0x1FF8, 0x2100, 0x4100, 0x0100, 0x0100, 0xFFFE, 0x0100, 0x0100, 0x0100, 0x0100, 0x0100, 0x0100}},
    {0x7269, 16, {0x1080, 0x1080, 0x5080, 0x50FC, 0x7D54, 0x5254, 0x9054, 0x1094, 0x1C94, 0xF124, 0x5224, 0x1044, 0x1044, 0x1084, 0x1128, 0x1010}},
    {0x726F, 16, {0x1020, 0x1020, 0x5020, 0x5020, 0x7DFE, 0x5020, 0x9020, 0x1020, 0x1DFC, 0xF104, 0x5104, 0x1104, 0x1104, 0x1104, 0x11FC, 0x1104}},
    {0x7279, 16, {0x1020, 0x1020, 0x5020, 0x51FC, 0x7C20, 0x5020, 0x93FE, 0x1008, 0x1C08, 0xF1FE, 0x5008, 0x1088, 0x1048, 0x1008, 0x1028, 0x1010}},
    {0x727D, 16, {0x0100, 0x7FFC, 0x0820, 0x1FC0, 0x0200, 0x7FFE, 0x4822, 0x9FF4, 0x0110, 0x1100, 0x1FF8, 0x2100, 0x0100, 0xFFFE, 0x0100, 0x0100}},
    {0x7281, 16, {0x0308, 0x3C08, 0x0448, 0x7F48, 0x0C48, 0x1648, 0x2508, 0x4428, 0x0510, 0x1100, 0x1FF8, 0x2100, 0x0100, 0xFFFE, 0x0100, 0x0100}},
    {0x72AC, 16, {0x0100, 0x0120, 0x0110, 0x0110, 0x0100, 0xFFFE, 0x0100, 0x0100, 0x0280, 0x0280, 0x0440, 0x0440, 0x0820, 0x1010, 0x2008, 0xC006}},
    {0x72C0, 16, {0x0420, 0x2428, 0x2424, 0x2424, 0x2420, 0x3DFE, 0x0420, 0x0420, 0xFC20, 0x2450, 0x2450, 0x2450, 0x2488, 0x4488, 0x4504, 0x8602}},
    {0x72D7, 16, {0x0080, 0x4480, 0x2900, 0x11FC, 0x2A04, 0x4C04, 0x89E4, 0x0924, 0x1924, 0x2924, 0x49E4, 0x8924, 0x0804, 0x0804, 0x5028, 0x2010}},
    {0x7345, 16, {0x0200, 0x94FE, 0x5710, 0x2510, 0x557C, 0x9554, 0x1754, 0x1454, 0x3454, 0x5754, 0x9554, 0x155C, 0x1510, 0x1710, 0xA510, 0x4010}},
    {0x7372, 16, {0x0088, 0x47FE, 0x28A8, 0x1090, 0x29FE, 0x4B20, 0x89FC, 0x0920, 0x19FC, 0x2920, 0x49FE, 0x8900, 0x0BFC, 0x0888, 0x5070, 0x238E}},
    {0x7384, 16, {0x0200, 0x0100, 0x0100, 0xFFFE, 0x0200, 0x0420, 0x0820, 0x1040, 0x3F80, 0x1100, 0x0200, 0x0420, 0x0810, 0x3FF8, 0x1008, 0x0008}},
    {0x7389, 16, {0x0000, 0x7FFC, 0x0100, 0x0100, 0x0100, 0x0100, 0x0100, 0x3FF8, 0x0100, 0x0100, 0x0120, 0x0110, 0x0110, 0x0100, 0xFFFE, 0x0000}},
    {0x738B, 16, {0x0000, 0x7FFC, 0x0100, 0x0100, 0x0100, 0x0100, 0x0100, 0x3FF8, 0x0100, 0x0100, 0x0100, 0x0100, 0x0100, 0x0100, 0xFFFE, 0x0000}},
    {0x73C0, 16, {0x0020, 0x0020, 0xFC40, 0x11FC, 0x1104, 0x1104, 0x1104, 0x7D04, 0x11FC, 0x1104, 0x1104, 0x1104, 0x1D04, 0xE104, 0x41FC, 0x0104}},
    {0x73CA, 16, {0x0000, 0xF7BC, 0x24A4, 0x24A4, 0x24A4, 0x24A4, 0xF4A4, 0x2FFE, 0x24A4, 0x24A4, 0x24A4, 0x34A4, 0xE4A4, 0x45A4, 0x0854, 0x1088}},
    {0x73E0, 16, {0x0020, 0x0120, 0xFD20, 0x11FC, 0x1120, 0x1220, 0x7C20, 0x13FE, 0x1070, 0x10A8, 0x10A8, 0x1D24, 0xE124, 0x4222, 0x0020, 0x0020}},
    {0x73ED, 16, {0x0080, 0x0080, 0xF8BE, 0x2288, 0x2288, 0x2288, 0x2288, 0xFABE, 0x2288, 0x2488, 0x2088, 0x3908, 0xE108, 0x423E, 0x0400, 0x0800}},
    {0x73EE, 16, {0x0000, 0x07FC, 0xF404, 0x2404, 0x25F4, 0x2444, 0x2444, 0xF5F4, 0x2554, 0x2554, 0x2554, 0x2554, 0x3574, 0xC446, 0x0446, 0x0842}},
    {0x73FE, 16, {0x0000, 0x01FC, 0xFD04, 0x1104, 0x11FC, 0x1104, 0x1104, 0x7DFC, 0x1104, 0x1104, 0x11FC, 0x1050, 0x1C90, 0xE092, 0x4112, 0x020E}},
    {0x7403, 16, {0x0028, 0x0024, 0xFC24, 0x1020, 0x13FE, 0x1020, 0x1120, 0x7CB2, 0x10B4, 0x1068, 0x10A8, 0x1124, 0x1E22, 0xE020, 0x40A0, 0x0040}},
    {0x7406, 16, {0x0000, 0x01FC, 0xFD24, 0x1124, 0x11FC, 0x1124, 0x1124, 0x7DFC, 0x1020, 0x1020, 0x11FC, 0x1020, 0x1C20, 0xE020, 0x43FE, 0x0000}},
    {0x741B, 16, {0x0000, 0x07FC, 0xFC04, 0x24A4, 0x2110, 0x2208, 0x2040, 0xF840, 0x27FC, 0x2040, 0x20E0, 0x3950, 0xE248, 0x4C46, 0x0040, 0x0040}},
    {0x7433, 16, {0x0110, 0x0110, 0xF910, 0x2110, 0x27BC, 0x2110, 0x2110, 0xFB38, 0x23B8, 0x2554, 0x2554, 0x3992, 0xE110, 0x4110, 0x0110, 0x0110}},
    {0x7434, 16, {0x0000, 0xFEFE, 0x1010, 0x1010, 0x7C7C, 0x1010, 0x1010, 0xFEFE, 0x0100, 0x06C0, 0x1A30, 0xE10E, 0x1FE0, 0x0040, 0x0080, 0x0100}},
    {0x743C, 16, {0x0040, 0x0020, 0xFBFE, 0x2000, 0x2000, 0x21FC, 0xF904, 0x2104, 0x21FC, 0x2020, 0x2128, 0x3924, 0xE222, 0x4422, 0x00A0, 0x0040}},
    {0x745C, 16, {0x0040, 0x00A0, 0xF910, 0x2208, 0x25F6, 0x2000, 0x23C4, 0xFA54, 0x2254, 0x23D4, 0x2254, 0x3A54, 0xE3D4, 0x4244, 0x0254, 0x02C8}},
    {0x745E, 16, {0x0020, 0x0222, 0xFA22, 0x2222, 0x23FE, 0x2000, 0x27FE, 0xF820, 0x2040, 0x23FE, 0x2252, 0x3A52, 0xE252, 0x4252, 0x0252, 0x0206}},
    {0x745F, 16, {0x0000, 0xFEFE, 0x1010, 0x1010, 0x7C7C, 0x1010, 0x1010, 0xFEFE, 0x0110, 0x08A0, 0x4844, 0x4982, 0x8E12, 0x1810, 0xE7F0, 0x0000}},
    {0x7464, 16, {0x0040, 0x0080, 0xFDFC, 0x1248, 0x1130, 0x10C0, 0x1300, 0x7DFC, 0x1220, 0x1020, 0x13FE, 0x1020, 0x1D24, 0xE124, 0x41FC, 0x0004}},
    {0x7469, 16, {0x0820, 0x2AA4, 0x4D28, 0x1450, 0x2288, 0x7FFE, 0x4002, 0x8004, 0x3FFC, 0x0100, 0x0100, 0x1FF8, 0x0100, 0x0120, 0x0110, 0x7FFE}},
    {0x746A, 16, {0x0000, 0x01FE, 0xFD20, 0x11FC, 0x1120, 0x11FC, 0x7D20, 0x1120, 0x11FE, 0x1002, 0x12AA, 0x1EAA, 0xE2AA, 0x4202, 0x0014, 0x0008}},
    {0x74A7, 16, {0x3E10, 0x22FE, 0x3E44, 0x2028, 0x7EFE, 0xA210, 0x3EFC, 0x2210, 0x0000, 0x7FFC, 0x0100, 0x3FF8, 0x0120, 0x0110, 0xFFFE, 0x0000}},
    {0x74B0, 16, {0x0000, 0x03FC, 0xFA94, 0x2294, 0x23FC, 0x2000, 0xFBFE, 0x2000, 0x23FC, 0x2204, 0x23FC, 0x38A2, 0xE114, 0x4308, 0x0D44, 0x0182}},
    {0x74BD, 16, {0x7FFC, 0x2108, 0x7FFC, 0xB55A, 0x2928, 0x3558, 0x2108, 0x3558, 0x2928, 0x3558, 0x0000, 0x7FFC, 0x0100, 0x3FF8, 0x0120, 0xFFFE}},
    {0x74CF, 16, {0x0110, 0x0090, 0xFBDE, 0x2010, 0x225E, 0x2182, 0xFBDE, 0x2010, 0x23DE, 0x2250, 0x23DE, 0x3A50, 0xE3DE, 0x4250, 0x0252, 0x02CE}},
    {0x74DC, 16, {0x0010, 0x00F8, 0x1F20, 0x1220, 0x1220, 0x1220, 0x1220, 0x1220, 0x1220, 0x1210, 0x1290, 0x2250, 0x22A8, 0x4328, 0x4204, 0x8002}},
    {0x74E6, 16, {0x0000, 0xFFFE, 0x0400, 0x0400, 0x0400, 0x07E0, 0x0820, 0x0A20, 0x0920, 0x0920, 0x0820, 0x1022, 0x1322, 0x1C22, 0x101E, 0x0000}},
    {0x7504, 16, {0x0000, 0xFEFC, 0x2840, 0x2840, 0xFE40, 0xAA78, 0xAA48, 0xFE48, 0x10A8, 0x1098, 0xFE88, 0x1088, 0x10AA, 0x1ECA, 0xF08A, 0x4006}},
    {0x7518, 16, {0x0810, 0x0810, 0x0810, 0x0810, 0x7FFE, 0x0810, 0x0810, 0x0810, 0x0810, 0x0FF0, 0x0810, 0x0810, 0x0810, 0x0810, 0x0FF0, 0x0810}},
    {0x751F, 16, {0x0100, 0x1100, 0x1100, 0x1100, 0x3FFC, 0x2100, 0x4100, 0x8100, 0x0100, 0x3FF8, 0x0100, 0x0100, 0x0100, 0x0100, 0xFFFE, 0x0000}},
    {0x7522, 16, {0x0100, 0x0080, 0x3FFE, 0x0220, 0x01C0, 0x0220, 0x3FFE, 0x2080, 0x2480, 0x27FC, 0x2880, 0x3080, 0x27F8, 0x4080, 0x4080, 0x9FFE}},
    {0x7528, 16, {0x0000, 0x3FF8, 0x2108, 0x2108, 0x2108, 0x3FF8, 0x2108, 0x2108, 0x2108, 0x3FF8, 0x2108, 0x2108, 0x2108, 0x4108, 0x4128, 0x8010}},
    {0x752B, 16, {0x0120, 0x0110, 0xFFFE, 0x0100, 0x0100, 0x3FF8, 0x2108, 0x2108, 0x3FF8, 0x2108, 0x2108, 0x3FF8, 0x2108, 0x2108, 0x2128, 0x2010}},
    {0x7530, 16, {0x0000, 0x3FF8, 0x2108, 0x2108, 0x2108, 0x2108, 0x2108, 0x3FF8, 0x2108, 0x2108, 0x2108, 0x2108, 0x2108, 0x3FF8, 0x2008, 0x0000}},
    {0x7531, 16, {0x0100, 0x0100, 0x0100, 0x0100, 0x3FF8, 0x2108, 0x2108, 0x2108, 0x2108, 0x3FF8, 0x2108, 0x2108, 0x2108, 0x2108, 0x3FF8, 0x2008}},
    {0x7537, 16, {0x3FF8, 0x2108, 0x2108, 0x3FF8, 0x2108, 0x2108, 0x3FF8, 0x0000, 0x0100, 0x7FFC, 0x0104, 0x0104, 0x0204, 0x0404, 0x1814, 0x6008}},
    {0x7538, 16, {0x0800, 0x0800, 0x1000, 0x1FF8, 0x2008, 0x4008, 0xBF88, 0x2488, 0x2488, 0x3F88, 0x2488, 0x2488, 0x3F88, 0x2088, 0x0050, 0x0020}},
    {0x754C, 16, {0x0000, 0x1FF0, 0x1110, 0x1110, 0x1FF0, 0x1110, 0x1110, 0x1FF0, 0x0280, 0x0C60, 0x3458, 0xC446, 0x0440, 0x0840, 0x0840, 0x1040}},
    {0x7554, 16, {0x0020, 0x0020, 0x7D24, 0x54A4, 0x54A8, 0x5420, 0x55FC, 0x7C20, 0x5420, 0x5420, 0x57FE, 0x5420, 0x7C20, 0x4420, 0x0020, 0x0020}},
    {0x7559, 16, {0x0600, 0x78FC, 0x4044, 0x4844, 0x4444, 0x5A94, 0x6108, 0x0000, 0x3FF8, 0x2108, 0x2108, 0x3FF8, 0x2108, 0x2108, 0x3FF8, 0x2008}},
    {0x7562, 16, {0x0000, 0x3FF8, 0x2108, 0x3FF8, 0x2108, 0x3FF8, 0x0920, 0x0920, 0x7FFC, 0x0920, 0x0920, 0x3FF8, 0x0100, 0x7FFC, 0x0100, 0x0100}},
    {0x7565, 16, {0x0080, 0x0080, 0xF8F8, 0xA908, 0xAB10, 0xACA0, 0xF840, 0xA8A0, 0xA918, 0xAA06, 0xADF8, 0xF908, 0x8908, 0x0108, 0x01F8, 0x0108}},
    {0x756B, 16, {0x0100, 0x3FF8, 0x0108, 0xFFFE, 0x0108, 0x3FF8, 0x0100, 0x7FFC, 0x0000, 0x3FF8, 0x2108, 0x3FF8, 0x2108, 0x3FF8, 0x0000, 0xFFFE}},
    {0x7576, 16, {0x0100, 0x1110, 0x0920, 0x7FFE, 0x4002, 0x9FF4, 0x1010, 0x1010, 0x1FF0, 0x0000, 0x3FF8, 0x2108, 0x3FF8, 0x2108, 0x3FF8, 0x2008}},
    {0x758A, 16, {0x1FF0, 0x1110, 0x1FF0, 0x1110, 0x3FF8, 0x2AA8, 0x3EF8, 0x2AA8, 0xFFFE, 0x9012, 0x1FF0, 0x1010, 0x1FF0, 0x1010, 0xFFFE, 0x0000}},
    {0x7642, 16, {0x0080, 0x0040, 0x1FFE, 0x1040, 0x97FC, 0x50A0, 0x5514, 0x13F8, 0x360C, 0x5BFA, 0x9208, 0x13F8, 0x2040, 0x2444, 0x4942, 0x8080}},
    {0x767B, 16, {0x0080, 0x3E90, 0x02A4, 0x2448, 0x1450, 0x0820, 0x17D0, 0x2008, 0xDFF6, 0x1010, 0x1010, 0x1FF0, 0x0820, 0x0440, 0x7FFC, 0x0000}},
    {0x767C, 16, {0x0090, 0x7EA0, 0x0444, 0x2828, 0x1010, 0x3CF8, 0xC496, 0x0490, 0x3D0C, 0x2000, 0x41F8, 0x7C08, 0x04D0, 0x0420, 0x2850, 0x1188}},
    {0x767D, 16, {0x0100, 0x0200, 0x0400, 0x3FF8, 0x2008, 0x2008, 0x2008, 0x2008, 0x3FF8, 0x2008, 0x2008, 0x2008, 0x2008, 0x2008, 0x3FF8, 0x2008}},
    {0x767E, 16, {0x0000, 0xFFFE, 0x0100, 0x0200, 0x0400, 0x3FF8, 0x2008, 0x2008, 0x2008, 0x3FF8, 0x2008, 0x2008, 0x2008, 0x2008, 0x3FF8, 0x2008}},
    {0x7684, 16, {0x1040, 0x1040, 0x2040, 0x7E7C, 0x4284, 0x4284, 0x4304, 0x4244, 0x7E24, 0x4224, 0x4204, 0x4204, 0x4204, 0x7E04, 0x4228, 0x0010}},
    {0x7686, 16, {0x2080, 0x2088, 0x3CB0, 0x20C0, 0x2084, 0x2C84, 0x317C, 0x0200, 0x1FF0, 0x1010, 0x1010, 0x1FF0, 0x1010, 0x1010, 0x1FF0, 0x1010}},
    {0x7687, 16, {0x0200, 0x0400, 0x1FF0, 0x1010, 0x1FF0, 0x1010, 0x1FF0, 0x0000, 0x7FFC, 0x0100, 0x0100, 0x3FF8, 0x0100, 0x0100, 0xFFFE, 0x0000}},
    {0x76AE, 16, {0x0080, 0x0080, 0x0080, 0x3FFC, 0x2084, 0x2088, 0x2080, 0x2FF0, 0x2410, 0x2410, 0x2220, 0x2140, 0x2080, 0x4140, 0x4630, 0x980E}},
    {0x76C8, 16, {0x0000, 0x3FF0, 0x0810, 0x0FA0, 0x08BC, 0x1284, 0x1104, 0x2294, 0x4448, 0x0000, 0x3FF8, 0x2448, 0x2448, 0x2448, 0xFFFE, 0x0000}},
    {0x76CA, 16, {0x1010, 0x0820, 0x0000, 0xFFFE, 0x0000, 0x0820, 0x1010, 0x2008, 0x4004, 0x3FF8, 0x2448, 0x2448, 0x2448, 0x2448, 0xFFFE, 0x0000}},
    {0x76DB, 16, {0x0090, 0x0088, 0x3FFC, 0x2080, 0x2088, 0x3E48, 0x2250, 0x2224, 0x4A54, 0x448C, 0x8104, 0x3FF8, 0x2448, 0x2448, 0xFFFE, 0x0000}},
    {0x76DE, 16, {0x0210, 0x02FC, 0x7F40, 0x0084, 0x0764, 0x781C, 0x0210, 0x02FC, 0x7F40, 0x0084, 0x0764, 0x781C, 0x0000, 0x3FF8, 0x2448, 0xFFFE}},
    {0x76E4, 16, {0x1078, 0x3E48, 0x2248, 0x2A86, 0xFF78, 0x2248, 0x2A28, 0x4210, 0x4A28, 0x8446, 0x3FF8, 0x2448, 0x2448, 0x2448, 0xFFFE, 0x0000}},
    {0x76E7, 16, {0x0100, 0x01F8, 0x0100, 0x3FFC, 0x2104, 0x2FE0, 0x2108, 0x27F8, 0x2490, 0x27F0, 0x2490, 0x27F0, 0x2000, 0x4FF8, 0x4948, 0xBFFE}},
    {0x76EE, 16, {0x0000, 0x3FF8, 0x2008, 0x2008, 0x2008, 0x3FF8, 0x2008, 0x2008, 0x2008, 0x3FF8, 0x2008, 0x2008, 0x2008, 0x2008, 0x3FF8, 0x2008}},
    {0x76F2, 16, {0x0200, 0x0100, 0xFFFE, 0x1000, 0x1000, 0x1000, 0x1FF8, 0x0000, 0x1FF0, 0x1010, 0x1FF0, 0x1010, 0x1FF0, 0x1010, 0x1FF0, 0x1010}},
    {0x76F4, 16, {0x0100, 0x0100, 0x7FFC, 0x0100, 0x1FF0, 0x1010, 0x1010, 0x1FF0, 0x1010, 0x1FF0, 0x1010, 0x1FF0, 0x1010, 0x1010, 0xFFFE, 0x0000}},
    {0x76F8, 16, {0x0800, 0x08FC, 0x0884, 0x0884, 0xFE84, 0x08FC, 0x1884, 0x1C84, 0x2A84, 0x2AFC, 0x4884, 0x8884, 0x0884, 0x0884, 0x08FC, 0x0884}},
    {0x7701, 16, {0x0100, 0x1110, 0x1108, 0x2124, 0x40C0, 0x0300, 0x0C00, 0x3FF8, 0xD008, 0x1FF8, 0x1008, 0x1FF8, 0x1008, 0x1008, 0x1FF8, 0x1008}},
    {0x770B, 16, {0x00F8, 0x7F00, 0x0100, 0x3FF8, 0x0200, 0xFFFE, 0x0400, 0x0800, 0x1FF0, 0x2810, 0x4FF0, 0x8810, 0x0FF0, 0x0810, 0x0FF0, 0x0810}},
    {0x771F, 16, {0x0100, 0x0100, 0x7FFC, 0x0100, 0x1FF0, 0x1010, 0x1FF0, 0x1010, 0x1FF0, 0x1010, 0x1FF0, 0x1010, 0xFFFE, 0x0820, 0x1010, 0x2008}},
    {0x7720, 16, {0x0000, 0x01FC, 0x7D04, 0x4504, 0x4504, 0x7DFC, 0x4520, 0x4520, 0x7DFE, 0x4520, 0x4520, 0x4510, 0x7D12, 0x454A, 0x0186, 0x0102}},
    {0x773A, 16, {0x0090, 0x0090, 0x7890, 0x4A92, 0x4994, 0x7898, 0x4890, 0x4998, 0x7A94, 0x4C92, 0x4890, 0x4890, 0x7912, 0x4912, 0x0212, 0x040E}},
    {0x773C, 16, {0x0000, 0x03F8, 0x7A08, 0x4A08, 0x4BF8, 0x7A08, 0x4A08, 0x4BF8, 0x7A44, 0x4A48, 0x4A30, 0x4A20, 0x7A10, 0x4A88, 0x0306, 0x0200}},
    {0x773E, 16, {0x0000, 0x7FFC, 0x4444, 0x4444, 0x7FFC, 0x0000, 0x00FC, 0x7F00, 0x1110, 0x1110, 0x1110, 0x2928, 0x2528, 0x4544, 0x8182, 0x0100}},
    {0x7761, 16, {0x0010, 0x0078, 0xF3C0, 0x9040, 0x9040, 0xF7FC, 0x9248, 0x9248, 0xF7FE, 0x9248, 0x9248, 0x97FC, 0xF040, 0x9040, 0x07FC, 0x0000}},
    {0x7763, 16, {0x0800, 0x0EFC, 0x0844, 0xFF44, 0x0828, 0x2A10, 0x4928, 0x0844, 0x1FF2, 0x1010, 0x1FF0, 0x1010, 0x1FF0, 0x1010, 0x1FF0, 0x1010}},
    {0x77AD, 16, {0x0040, 0x0040, 0xF7FC, 0x90A0, 0x9514, 0xF208, 0x97FC, 0x9A0A, 0xF3F8, 0x9208, 0x93F8, 0x9040, 0xF248, 0x9444, 0x0944, 0x0080}},
    {0x77ED, 16, {0x2000, 0x21FE, 0x3C00, 0x5000, 0x90FC, 0x1084, 0x1084, 0xFE84, 0x10FC, 0x1000, 0x1084, 0x2844, 0x2448, 0x4400, 0x41FE, 0x8000}},
    {0x77F3, 16, {0x0000, 0xFFFE, 0x0200, 0x0200, 0x0400, 0x0400, 0x0800, 0x0FF8, 0x1808, 0x2808, 0x4808, 0x8808, 0x0808, 0x0808, 0x0FF8, 0x0808}},
    {0x7814, 16, {0x0000, 0x01FC, 0xFC88, 0x1088, 0x1088, 0x2088, 0x3C88, 0x67FE, 0x6488, 0xA488, 0x2488, 0x2488, 0x3C88, 0x2508, 0x2108, 0x0208}},
    {0x7835, 16, {0x0020, 0x0020, 0xFC20, 0x1020, 0x11FE, 0x2020, 0x3C70, 0x6470, 0x64A8, 0xA4A8, 0x2524, 0x26FA, 0x3C20, 0x2420, 0x2020, 0x0020}},
    {0x7843, 16, {0x0020, 0x0120, 0xFD20, 0x11FC, 0x1120, 0x2220, 0x3C20, 0x67FE, 0x6470, 0xA4A8, 0x24A8, 0x2524, 0x3D24, 0x2622, 0x2020, 0x0020}},
    {0x7864, 16, {0x0020, 0x0020, 0xFC20, 0x13FE, 0x1020, 0x2020, 0x3D24, 0x6524, 0x6524, 0xA6AA, 0x2420, 0x2450, 0x3C50, 0x2488, 0x2104, 0x0202}},
    {0x786C, 16, {0x0000, 0x01FE, 0xFC20, 0x1020, 0x11FC, 0x2124, 0x3D24, 0x65FC, 0x6524, 0xA524, 0x25FC, 0x2520, 0x3CA0, 0x2440, 0x20B0, 0x030E}},
    {0x78A7, 16, {0x0020, 0xFE40, 0x10FC, 0x7C84, 0x10FC, 0x1E84, 0xF0FC, 0x0000, 0x7FFC, 0x0400, 0x0800, 0x3FF0, 0xC810, 0x0810, 0x0FF0, 0x0810}},
    {0x78A9, 16, {0x0000, 0x03FE, 0xFC20, 0x1040, 0x11FC, 0x2104, 0x3D04, 0x65FC, 0x6504, 0xA5FC, 0x2504, 0x2504, 0x3DFC, 0x2400, 0x2088, 0x0104}},
    {0x78BA, 16, {0x0040, 0x0040, 0xFBFE, 0x22A2, 0x2090, 0x41FE, 0x7910, 0x4B10, 0xCDFE, 0x4910, 0x4910, 0x49FE, 0x7910, 0x4910, 0x01FE, 0x0100}},
    {0x78BC, 16, {0x0000, 0x01FE, 0xF920, 0x21FC, 0x2120, 0x41FC, 0x7920, 0x4920, 0xC9FE, 0x4802, 0x4AAA, 0x4AAA, 0x7AAA, 0x4A02, 0x0014, 0x0008}},
    {0x78DA, 16, {0x0020, 0x03FE, 0xFC20, 0x11FC, 0x1124, 0x21FC, 0x3D24, 0x65FC, 0x6422, 0xA7FE, 0x2408, 0x27FE, 0x3D08, 0x2488, 0x2028, 0x0010}},
    {0x78E1, 16, {0x0248, 0x0248, 0xF7E8, 0x2248, 0x23DE, 0x424A, 0x73CA, 0xD24A, 0x524A, 0x5FEA, 0x540A, 0x554A, 0x7632, 0x5412, 0x07EA, 0x0044}},
    {0x793A, 16, {0x0000, 0x3FF8, 0x0000, 0x0000, 0x0000, 0x0000, 0xFFFE, 0x0100, 0x0100, 0x1110, 0x1108, 0x2104, 0x4102, 0x8102, 0x0500, 0x0200}},
    {0x793E, 16, {0x2020, 0x1020, 0x1020, 0xF820, 0x0820, 0x1020, 0x13FE, 0x3820, 0x5420, 0x9420, 0x1020, 0x1020, 0x1020, 0x1020, 0x17FE, 0x1000}},
    {0x7948, 16, {0x2008, 0x101C, 0x11E0, 0xF900, 0x0900, 0x1100, 0x11FE, 0x3910, 0x5510, 0x9510, 0x1110, 0x1110, 0x1110, 0x1210, 0x1210, 0x1410}},
    {0x7950, 16, {0x2020, 0x1020, 0x1020, 0xF820, 0x0BFE, 0x1040, 0x1040, 0x3880, 0x54FC, 0x9184, 0x1284, 0x1084, 0x1084, 0x1084, 0x10FC, 0x1084}},
    {0x7956, 16, {0x2000, 0x11F8, 0x1108, 0xF908, 0x0908, 0x11F8, 0x1108, 0x3908, 0x5508, 0x95F8, 0x1108, 0x1108, 0x1108, 0x1108, 0x17FE, 0x1000}},
    {0x7960, 16, {0x2000, 0x11FC, 0x1004, 0xF804, 0x0BF4, 0x1004, 0x1004, 0x39E4, 0x5524, 0x9524, 0x1124, 0x11E4, 0x1004, 0x1004, 0x1014, 0x1008}},
    {0x7965, 16, {0x2104, 0x1084, 0x1088, 0xF800, 0x0BFE, 0x1020, 0x1020, 0x39FC, 0x5420, 0x9020, 0x13FE, 0x1020, 0x1020, 0x1020, 0x1020, 0x1020}},
    {0x797F, 16, {0x2080, 0x10F8, 0x1088, 0xF908, 0x09F0, 0x1010, 0x1810, 0x37FE, 0x5020, 0x9222, 0x1174, 0x10A8, 0x1124, 0x1222, 0x10A0, 0x1040}},
    {0x798F, 16, {0x4000, 0x23FE, 0x2000, 0xF9FC, 0x1104, 0x1104, 0x21FC, 0x3000, 0x6BFE, 0xAA22, 0x2222, 0x23FE, 0x2222, 0x2222, 0x23FE, 0x2202}},
    {0x79A7, 16, {0x4040, 0x27FC, 0x2040, 0xFBF8, 0x1000, 0x13F8, 0x2208, 0x33F8, 0x6910, 0xAFFE, 0x2000, 0x23F8, 0x2208, 0x2208, 0x23F8, 0x2208}},
    {0x79AE, 16, {0x4090, 0x23FC, 0x2294, 0xFBFC, 0x1294, 0x13FC, 0x2000, 0x33FC, 0x6800, 0xABFC, 0x2204, 0x23FC, 0x2108, 0x2090, 0x27FE, 0x2000}},
    {0x79BE, 16, {0x0010, 0x00F8, 0x3F00, 0x0100, 0x0100, 0x0100, 0x7FFC, 0x0380, 0x0540, 0x0540, 0x0920, 0x1110, 0x2108, 0xC106, 0x0100, 0x0100}},
    {0x79C0, 16, {0x0070, 0x1F80, 0x0100, 0x0100, 0x7FFC, 0x0540, 0x0920, 0x3118, 0xCFE6, 0x0420, 0x0440, 0x0478, 0x0808, 0x0808, 0x1050, 0x6020}},
    {0x79CB, 16, {0x0840, 0x1C40, 0xF040, 0x1040, 0x1144, 0xFD44, 0x1148, 0x3250, 0x3840, 0x54A0, 0x54A0, 0x9090, 0x1110, 0x1108, 0x1204, 0x1402}},
    {0x79D1, 16, {0x0810, 0x1D10, 0xF090, 0x1090, 0x1010, 0xFD10, 0x1090, 0x3890, 0x3410, 0x501E, 0x53F0, 0x9010, 0x1010, 0x1010, 0x1010, 0x1010}},
    {0x79D2, 16, {0x0820, 0x1C20, 0xF020, 0x10A8, 0x10A4, 0xFCA2, 0x1122, 0x3120, 0x3A24, 0x5424, 0x5428, 0x9008, 0x1010, 0x1020, 0x10C0, 0x1300}},
    {0x79DF, 16, {0x0800, 0x1DF8, 0xF108, 0x1108, 0x1108, 0xFDF8, 0x1108, 0x3108, 0x3908, 0x55F8, 0x5508, 0x9108, 0x1108, 0x1108, 0x17FE, 0x1000}},
    {0x79E6, 16, {0x0100, 0x7FFC, 0x0100, 0x3FF8, 0x0200, 0xFFFE, 0x0820, 0x10D0, 0x2F08, 0xC106, 0x1FF0, 0x0540, 0x0920, 0x1110, 0x6108, 0x0100}},
    {0x79E9, 16, {0x0820, 0x1C20, 0xF120, 0x1120, 0x11FC, 0xFD20, 0x1220, 0x3020, 0x39FE, 0x5420, 0x5450, 0x9050, 0x1088, 0x1088, 0x1104, 0x1202}},
    {0x79FB, 16, {0x0820, 0x1C20, 0xF07C, 0x1084, 0x1148, 0xFC30, 0x1020, 0x3048, 0x3990, 0x543E, 0x5442, 0x91A4, 0x1018, 0x1010, 0x1060, 0x1180}},
    {0x7A05, 16, {0x0810, 0x1C90, 0xF088, 0x1108, 0x1204, 0xFDFA, 0x1108, 0x3108, 0x3908, 0x55F8, 0x5490, 0x9090, 0x1090, 0x1112, 0x1212, 0x140E}},
    {0x7A0B, 16, {0x0000, 0x0DFC, 0xF104, 0x1104, 0x1104, 0xFDFC, 0x1000, 0x3800, 0x35FC, 0x5420, 0x5020, 0x91FC, 0x1020, 0x1020, 0x1020, 0x17FE}},
    {0x7A0D, 16, {0x0820, 0x1D24, 0xF0A4, 0x10A8, 0x1020, 0xFDFC, 0x1104, 0x3104, 0x39FC, 0x5504, 0x5504, 0x91FC, 0x1104, 0x1104, 0x1114, 0x1108}},
    {0x7A31, 16, {0x081E, 0x1DE0, 0xF044, 0x1124, 0x1088, 0xFC20, 0x11FC, 0x3924, 0x3524, 0x55FC, 0x5124, 0x9124, 0x13FE, 0x1104, 0x1114, 0x1108}},
    {0x7A4D, 16, {0x0820, 0x1DFE, 0xF020, 0x11FC, 0x1020, 0xFDFE, 0x1000, 0x31FC, 0x3904, 0x55FC, 0x5504, 0x91FC, 0x1104, 0x11FC, 0x1088, 0x1104}},
    {0x7A57, 16, {0x0820, 0x1C20, 0xF3FE, 0x1020, 0x11FC, 0xFD24, 0x11FC, 0x3924, 0x35FC, 0x5022, 0x53FE, 0x9042, 0x1024, 0x12A2, 0x128A, 0x1478}},
    {0x7A76, 16, {0x0200, 0x0100, 0x7FFE, 0x4002, 0x8824, 0x1210, 0x2208, 0x0200, 0x3FE0, 0x0220, 0x0420, 0x0420, 0x0822, 0x1022, 0x201E, 0x4000}},
    {0x7A7A, 16, {0x0200, 0x0100, 0x7FFE, 0x4002, 0x8824, 0x1010, 0x2008, 0x0000, 0x1FF0, 0x0100, 0x0100, 0x0100, 0x0100, 0x0100, 0x7FFC, 0x0000}},
    {0x7AA9, 16, {0x0200, 0x0100, 0x7FFE, 0x4822, 0x9014, 0x3FF8, 0x1010, 0x1F90, 0x1090, 0x7FFC, 0x4004, 0x4FE4, 0x4824, 0x4FE4, 0x4004, 0x400C}},
    {0x7AB0, 16, {0x0100, 0x7FFE, 0x4822, 0x9014, 0x01F8, 0x7E00, 0x2208, 0x1110, 0x2000, 0x3FF8, 0x4100, 0x0100, 0xFFFE, 0x0100, 0x2108, 0x3FF8}},
    {0x7ACB, 16, {0x0200, 0x0100, 0x0100, 0x0000, 0x7FFC, 0x0000, 0x0010, 0x1010, 0x0820, 0x0820, 0x0440, 0x0440, 0x0480, 0x0000, 0xFFFE, 0x0000}},
    {0x7AD9, 16, {0x1020, 0x0820, 0x0820, 0x7E20, 0x003E, 0x0420, 0x4420, 0x4420, 0x25FC, 0x2904, 0x2904, 0x0F04, 0xF104, 0x4104, 0x01FC, 0x0104}},
    {0x7AE0, 16, {0x0200, 0x0100, 0x3FF8, 0x0820, 0x0440, 0xFFFE, 0x0000, 0x1FF0, 0x1010, 0x1FF0, 0x1010, 0x1FF0, 0x0100, 0xFFFE, 0x0100, 0x0100}},
    {0x7AE5, 16, {0x0200, 0x0100, 0x3FF8, 0x0820, 0x0440, 0xFFFE, 0x0000, 0x1FF0, 0x1110, 0x1FF0, 0x1110, 0x1FF0, 0x0100, 0x3FF8, 0x0100, 0xFFFE}},
    {0x7AF6, 16, {0x2020, 0x1010, 0xFEFE, 0x4444, 0x2828, 0xFEFE, 0x0000, 0x7EFC, 0x4284, 0x4284, 0x7EFC, 0x2850, 0x2A50, 0x2C92, 0x4912, 0x820E}},
    {0x7AF9, 16, {0x1040, 0x1040, 0x1040, 0x1040, 0x3EFE, 0x2890, 0x4910, 0x8A10, 0x0810, 0x0810, 0x0810, 0x0810, 0x0810, 0x0810, 0x0850, 0x0820}},
    {0x7B0F, 16, {0x1040, 0x1040, 0x3F7E, 0x4890, 0x9508, 0x1000, 0x1FF8, 0x2248, 0x4248, 0x8488, 0x0888, 0x1108, 0x2208, 0x4408, 0x0850, 0x1020}},
    {0x7B19, 16, {0x1040, 0x1040, 0x3F7E, 0x2890, 0x4508, 0x9100, 0x1100, 0x3FFC, 0x4100, 0x8100, 0x0100, 0x3FF8, 0x0100, 0x0100, 0x0100, 0xFFFE}},
    {0x7B26, 16, {0x1040, 0x1040, 0x3F7E, 0x4890, 0x8508, 0x0810, 0x0810, 0x13FE, 0x3010, 0x5110, 0x9090, 0x1090, 0x1010, 0x1010, 0x1050, 0x1020}},
    {0x7B2C, 16, {0x2040, 0x3F7E, 0x4890, 0x8508, 0x3FF8, 0x0108, 0x0108, 0x3FF8, 0x2100, 0x2100, 0x3FFC, 0x0304, 0x0504, 0x1928, 0xE110, 0x0100}},
    {0x7B49, 16, {0x2040, 0x3F7E, 0x4890, 0x8508, 0x0100, 0x3FF8, 0x0100, 0x0100, 0xFFFE, 0x0000, 0x0020, 0x7FFC, 0x0820, 0x0420, 0x04A0, 0x0040}},
    {0x7B72, 16, {0x1040, 0x1040, 0x3F7E, 0x4890, 0x8508, 0x1110, 0x0920, 0x1FF0, 0x1010, 0x1FF0, 0x1010, 0x1FF0, 0x1010, 0x1010, 0x1050, 0x1020}},
    {0x7B95, 16, {0x2040, 0x3F7E, 0x4890, 0x8508, 0x0820, 0x0820, 0x7FFC, 0x0820, 0x0FE0, 0x0820, 0x0FE0, 0x0820, 0xFFFE, 0x0820, 0x1010, 0x2008}},
    {0x7B97, 16, {0x2040, 0x3E7E, 0x4890, 0x8000, 0x3FF8, 0x2008, 0x3FF8, 0x2008, 0x3FF8, 0x2008, 0x3FF8, 0x0820, 0xFFFE, 0x0820, 0x1020, 0x2020}},
    {0x7BA1, 16, {0x2040, 0x3F7E, 0x4890, 0x8508, 0x0100, 0x7FFE, 0x4002, 0x9FE4, 0x1020, 0x1FE0, 0x1000, 0x1FF0, 0x1010, 0x1010, 0x1FF0, 0x1010}},
    {0x7BC4, 16, {0x2040, 0x3F7E, 0x4890, 0x8508, 0x0800, 0x7F7C, 0x0844, 0x7F44, 0x4944, 0x7F44, 0x4954, 0x7F48, 0x0842, 0xFFC2, 0x0842, 0x083E}},
    {0x7BE9, 16, {0x2040, 0x3E7E, 0x4890, 0x9000, 0x23FE, 0x7C20, 0x4420, 0x45FC, 0x7D24, 0x4124, 0x7D24, 0x4524, 0x4534, 0x7D28, 0x4420, 0x0020}},
    {0x7C21, 16, {0x2040, 0x3F7E, 0x4890, 0x8508, 0x3E7C, 0x2244, 0x3E7C, 0x2244, 0x3E7C, 0x2004, 0x27E4, 0x2424, 0x27E4, 0x2424, 0x27F4, 0x2008}},
    {0x7C6C, 16, {0x2040, 0x3F7E, 0x4890, 0x9508, 0x0828, 0x7F24, 0x147E, 0x4948, 0x55C8, 0x7F7E, 0x0848, 0x7F7E, 0x5148, 0x5548, 0x5D7E, 0x4340}},
    {0x7C73, 16, {0x0100, 0x2108, 0x1108, 0x0910, 0x0920, 0x0100, 0x7FFC, 0x0380, 0x0540, 0x0540, 0x0920, 0x1110, 0x2108, 0xC106, 0x0100, 0x0100}},
    {0x7C89, 16, {0x1010, 0x1050, 0x9450, 0x5450, 0x5888, 0x1088, 0xFD04, 0x32FA, 0x3848, 0x5448, 0x5448, 0x9048, 0x1088, 0x1088, 0x1128, 0x1210}},
    {0x7C92, 16, {0x0820, 0x0810, 0x4A10, 0x2A00, 0x2DFE, 0x0800, 0xFE04, 0x1884, 0x1C84, 0x2A48, 0x2A48, 0x4848, 0x8850, 0x0810, 0x09FE, 0x0800}},
    {0x7CD6, 16, {0x1020, 0x1010, 0x95FE, 0x5510, 0x597C, 0x1114, 0xFDFE, 0x3114, 0x397C, 0x5510, 0x557C, 0x9144, 0x1144, 0x1244, 0x127C, 0x1444}},
    {0x7CFB, 16, {0x00F8, 0x3F00, 0x0400, 0x0820, 0x1040, 0x3F80, 0x0100, 0x0610, 0x1808, 0x7FFC, 0x0104, 0x0920, 0x1110, 0x2108, 0x4504, 0x0200}},
    {0x7D00, 16, {0x1000, 0x1000, 0x21F8, 0x2408, 0x4408, 0xF808, 0x1008, 0x21F8, 0x4908, 0xFD00, 0x0500, 0x0100, 0x5502, 0x5502, 0x80FE, 0x0000}},
    {0x7D04, 16, {0x1040, 0x1040, 0x2080, 0x24FC, 0x4504, 0xFA04, 0x1004, 0x2104, 0x4884, 0xFC44, 0x0444, 0x0004, 0x5404, 0x5404, 0x8028, 0x0010}},
    {0x7D05, 16, {0x1000, 0x1000, 0x21FC, 0x2420, 0x4420, 0xF820, 0x1020, 0x2020, 0x4820, 0xFC20, 0x0420, 0x0020, 0x5420, 0x5420, 0x83FE, 0x0000}},
    {0x7D10, 16, {0x1000, 0x11F8, 0x2048, 0x2448, 0x4448, 0xF848, 0x1048, 0x21F8, 0x4888, 0xFC88, 0x0488, 0x0088, 0x5488, 0x5488, 0x83FE, 0x0000}},
    {0x7D1A, 16, {0x1000, 0x13FC, 0x2084, 0x2488, 0x4488, 0xF890, 0x109C, 0x2084, 0x4944, 0xFD44, 0x0528, 0x0128, 0xAA10, 0xAA28, 0x8444, 0x0182}},
    {0x7D20, 16, {0x0100, 0x3FF8, 0x0100, 0x1FF0, 0x0100, 0xFFFE, 0x0200, 0x0420, 0x1FC0, 0x0180, 0x0610, 0x3FF8, 0x0108, 0x1120, 0x2510, 0x4208}},
    {0x7D22, 16, {0x0100, 0x0100, 0x3FF8, 0x0100, 0x0100, 0x7FFE, 0x4202, 0x8424, 0x1FC0, 0x0180, 0x0610, 0x3FF8, 0x0108, 0x1120, 0x2510, 0x4208}},
    {0x7D2B, 16, {0x0880, 0x2888, 0x2EF0, 0x2884, 0x2E84, 0xF07C, 0x0200, 0x0420, 0x1FC0, 0x0180, 0x0610, 0x3FF8, 0x0108, 0x1120, 0x2510, 0x4208}},
    {0x7D50, 16, {0x1020, 0x1020, 0x2020, 0x2BFE, 0x4820, 0xF020, 0x11FC, 0x2000, 0x4800, 0xFDFC, 0x0504, 0x0104, 0x5504, 0x5504, 0x81FC, 0x0104}},
    {0x7D61, 16, {0x1040, 0x1040, 0x2078, 0x2488, 0x4550, 0xF820, 0x1050, 0x2088, 0x4906, 0xFCF8, 0x0488, 0x0088, 0x5488, 0x5488, 0x80F8, 0x0088}},
    {0x7D71, 16, {0x1040, 0x1020, 0x2020, 0x2BFE, 0x4840, 0xF088, 0x1104, 0x23FE, 0x4892, 0xFC90, 0x0490, 0x0090, 0x5512, 0x5512, 0x820E, 0x0400}},
    {0x7D93, 16, {0x1000, 0x11FE, 0x2000, 0x2892, 0x4924, 0xF248, 0x1124, 0x2092, 0x4800, 0xFDFE, 0x0420, 0x0020, 0x5420, 0x5420, 0x83FE, 0x0000}},
    {0x7D9C, 16, {0x1040, 0x1020, 0x23FE, 0x2A02, 0x4800, 0xF1FC, 0x1000, 0x2000, 0x4BFE, 0xF820, 0x0928, 0x0124, 0xAA22, 0xAC22, 0x80A0, 0x0040}},
    {0x7DA0, 16, {0x1080, 0x10F8, 0x2088, 0x2908, 0x49F0, 0xF010, 0x1010, 0x23FE, 0x4820, 0xFA22, 0x0974, 0x00A8, 0xA924, 0xAA22, 0x80A0, 0x0040}},
    {0x7DAB, 16, {0x1048, 0x1044, 0x205E, 0x25E0, 0x4428, 0xF812, 0x106A, 0x2196, 0x4848, 0xFC5E, 0x05E0, 0x0024, 0x5428, 0x5412, 0x806A, 0x0186}},
    {0x7DAD, 16, {0x10A0, 0x1090, 0x2080, 0x25FE, 0x4510, 0xFB10, 0x15FC, 0x2110, 0x4910, 0xFDFC, 0x0510, 0x0110, 0x5510, 0x55FE, 0x8100, 0x0100}},
    {0x7DB2, 16, {0x1000, 0x11FE, 0x2102, 0x218A, 0x4952, 0xF9FE, 0x1122, 0x2112, 0x21FE, 0x4942, 0xF542, 0x017A, 0x5502, 0x5502, 0x550A, 0x8104}},
    {0x7DDA, 16, {0x1040, 0x1080, 0x21FC, 0x2904, 0x49FC, 0xF104, 0x11FC, 0x2020, 0x4832, 0xFBB4, 0x08A8, 0x0128, 0xA924, 0xAA24, 0x84A2, 0x0040}},
    {0x7DE8, 16, {0x1040, 0x1020, 0x21FE, 0x2502, 0x4502, 0xF9FE, 0x1100, 0x2100, 0x49FE, 0xFDAA, 0x05AA, 0x02FE, 0xAAAA, 0xAAAA, 0x84A2, 0x0086}},
    {0x7DE9, 16, {0x101E, 0x13E0, 0x2044, 0x2524, 0x4488, 0xF9FC, 0x1040, 0x2040, 0x4BFE, 0xFC80, 0x04FC, 0x0144, 0x5528, 0x5610, 0x8068, 0x0186}},
    {0x7DF4, 16, {0x1020, 0x1020, 0x23FE, 0x2420, 0x45FC, 0xF924, 0x11AC, 0x2174, 0x4924, 0xFDFC, 0x0420, 0x0070, 0x54A8, 0x5524, 0x8222, 0x0020}},
    {0x7E3D, 16, {0x1020, 0x1040, 0x21FC, 0x2524, 0x457C, 0xF98C, 0x1154, 0x2124, 0x4954, 0xFDFC, 0x0420, 0x0010, 0x5554, 0x5542, 0x814A, 0x0238}},
    {0x7E41, 16, {0x2020, 0x3F20, 0x403E, 0xBE48, 0x2AA8, 0xFF28, 0x4A10, 0x7F28, 0x0446, 0x0880, 0x1F00, 0x0210, 0x3FF8, 0x0108, 0x1520, 0x2210}},
    {0x7E61, 16, {0x2040, 0x23F8, 0x4048, 0x47FE, 0x9048, 0xE3F8, 0x2040, 0x4554, 0x975C, 0xF444, 0x07FC, 0x1444, 0xAF5C, 0xA554, 0x8554, 0x0844}},
    {0x7E8C, 16, {0x1020, 0x13FE, 0x2020, 0x29FC, 0x4800, 0xF3FE, 0x1252, 0x23FE, 0x4904, 0xFDFC, 0x0504, 0x01FC, 0x5504, 0x55FC, 0x8088, 0x0104}},
    {0x7E9C, 16, {0x1790, 0x151E, 0x27A8, 0x2C84, 0x4FBE, 0xF52A, 0x17BE, 0x2000, 0x4BF8, 0xFA08, 0x0BF8, 0x0208, 0xABF8, 0xA8A0, 0x8124, 0x061C}},
    {0x7EBF, 16, {0x1050, 0x1048, 0x2040, 0x245C, 0x45E0, 0xF840, 0x105E, 0x23E0, 0x4044, 0xFC48, 0x4030, 0x0022, 0x1C52, 0xE08A, 0x4306, 0x0002}},
    {0x7F38, 16, {0x2000, 0x2000, 0x3F7E, 0x4810, 0x8810, 0x0810, 0xFF10, 0x0810, 0x0810, 0x4910, 0x4910, 0x4910, 0x4F10, 0x79FE, 0x0100, 0x0000}},
    {0x7F3A, 16, {0x2020, 0x2020, 0x3C20, 0x51FC, 0x9024, 0x1024, 0xFE24, 0x1024, 0x13FE, 0x5420, 0x5450, 0x5450, 0x5C88, 0x6488, 0x0504, 0x0202}},
    {0x7F6E, 16, {0x7FFC, 0x4444, 0x4444, 0x7FFC, 0x0100, 0xFFFE, 0x0200, 0x1FF0, 0x1010, 0x1FF0, 0x1010, 0x1FF0, 0x1010, 0x1FF0, 0x1010, 0xFFFE}},
    {0x7F72, 16, {0x0000, 0x3FF8, 0x2448, 0x2448, 0x3FF8, 0x0200, 0x1FD0, 0x0220, 0xFFFE, 0x0300, 0x0FF0, 0x3810, 0xCFF0, 0x0810, 0x0FF0, 0x0810}},
    {0x7F85, 16, {0x0000, 0x7FFC, 0x4444, 0x4444, 0x7FFC, 0x1050, 0x1488, 0x25FE, 0x7A90, 0x10FC, 0x2490, 0x7EFC, 0x0090, 0x5490, 0x4AFE, 0x8A80}},
    {0x7F8E, 16, {0x1010, 0x0810, 0x0420, 0x7FFC, 0x0100, 0x0100, 0x3FF8, 0x0100, 0xFFFE, 0x0100, 0x0100, 0x7FFC, 0x0280, 0x0440, 0x1830, 0xE00E}},
    {0x7FA4, 16, {0x0082, 0x7E44, 0x1228, 0x12FE, 0xFF10, 0x1210, 0x1210, 0x7E7C, 0x2010, 0x2010, 0x7E10, 0x62FE, 0xA210, 0x2210, 0x3E10, 0x2210}},
    {0x7FA9, 16, {0x0820, 0x0440, 0x7FFC, 0x0100, 0x3FF8, 0x0100, 0xFFFE, 0x0240, 0x3C50, 0x0848, 0xFFFE, 0x0848, 0x0E50, 0x7824, 0x0854, 0x198C}},
    {0x7FD4, 16, {0x4400, 0x25DC, 0x2844, 0xFE44, 0x1154, 0x10CC, 0x7C44, 0x1044, 0x104C, 0xFED4, 0x1164, 0x1044, 0x2044, 0x2044, 0x4154, 0x8088}},
    {0x7FE0, 16, {0x0000, 0x7EFC, 0x2244, 0x1224, 0x1A34, 0x62C4, 0x0204, 0x0100, 0x7FFC, 0x0820, 0x1450, 0x2288, 0x0100, 0xFFFE, 0x0100, 0x0100}},
    {0x7FE1, 16, {0x0440, 0x7C7C, 0x0440, 0x3C78, 0x0440, 0x7C7C, 0x0440, 0x0440, 0x0000, 0x7EFC, 0x2244, 0x1224, 0x0A14, 0x1224, 0x6AD4, 0x0408}},
    {0x7FF0, 16, {0x1020, 0x1020, 0x1050, 0xFE88, 0x1106, 0x7C00, 0x45DC, 0x7C44, 0x4554, 0x7CCC, 0x1044, 0xFECC, 0x1154, 0x1044, 0x1154, 0x1088}},
    {0x7FF9, 16, {0x1000, 0x7DDC, 0x1044, 0xFE44, 0x4554, 0xEECC, 0x4444, 0xEECC, 0x0154, 0xFC44, 0x2844, 0x2954, 0x288A, 0x4802, 0x47FE, 0x8000}},
    {0x7FFC, 16, {0x7EFC, 0x2244, 0x1A34, 0x62C4, 0x0204, 0x3FF8, 0x2108, 0x3FF8, 0x2108, 0x3FF8, 0x0440, 0x3FF8, 0x0440, 0xFFFE, 0x0820, 0x1010}},
    {0x8000, 16, {0x1000, 0x11DC, 0x9044, 0x5554, 0x58CC, 0x1154, 0xFC00, 0x2848, 0x28FE, 0x2990, 0x2AFC, 0x2890, 0x2AFC, 0x4C90, 0x48FE, 0x8080}},
    {0x8001, 16, {0x0200, 0x0208, 0x3FD0, 0x0220, 0x0240, 0xFFFE, 0x0100, 0x0200, 0x0C10, 0x18E0, 0x2F00, 0x4808, 0x8808, 0x0808, 0x07F8, 0x0000}},
    {0x8017, 16, {0x1008, 0x101C, 0x10E0, 0xFE20, 0x1020, 0x7C3C, 0x10E0, 0xFE20, 0x1020, 0x383E, 0x35E0, 0x5420, 0x5022, 0x9022, 0x1022, 0x101E}},
    {0x8056, 16, {0x0000, 0x7F00, 0x227C, 0x3E44, 0x2244, 0x3E44, 0x23C4, 0xFE7C, 0x0244, 0x0200, 0x7FFC, 0x0100, 0x3FF8, 0x0100, 0x0100, 0xFFFE}},
    {0x805A, 16, {0x7F00, 0x227C, 0x3E04, 0x2228, 0x3E10, 0x23A8, 0xFE44, 0x0200, 0x00F8, 0x7F00, 0x0904, 0x1188, 0x6350, 0x0520, 0x1918, 0xE106}},
    {0x806F, 16, {0x0108, 0xFD4A, 0x4A52, 0x4B9C, 0x7908, 0x4A52, 0x4BDE, 0x7842, 0x4890, 0x4A92, 0x4E92, 0x7B9E, 0xC890, 0x0890, 0x0890, 0x0910}},
    {0x8077, 16, {0x0110, 0xFC94, 0x4BD2, 0x4812, 0x7A50, 0x4990, 0x4FFE, 0x7810, 0x4BD2, 0x4A52, 0x4E54, 0x7BD4, 0xCA4A, 0x0A4A, 0x0BD6, 0x0822}},
    {0x807D, 16, {0x0020, 0xFC20, 0x4BFE, 0x7820, 0x49FC, 0x7954, 0x4954, 0xF9FC, 0x0800, 0xFBFE, 0x2840, 0x7824, 0x2AA2, 0xFA8A, 0x0C88, 0x0878}},
    {0x8085, 16, {0x0100, 0x3FF8, 0x0108, 0xFFFE, 0x0108, 0x3FF8, 0x0540, 0x2548, 0x3D78, 0x2108, 0x3FF8, 0x2108, 0x3D78, 0x2548, 0x4548, 0x8108}},
    {0x8087, 16, {0x0840, 0x3E7E, 0x22A8, 0x3E10, 0x206E, 0x4100, 0x9FF0, 0x0110, 0xFFFE, 0x0110, 0x1FF0, 0x0100, 0x3FF8, 0x0100, 0xFFFE, 0x0100}},
    {0x808B, 16, {0x0020, 0x3E20, 0x2220, 0x2220, 0x22FE, 0x3E22, 0x2222, 0x2222, 0x2222, 0x3E22, 0x2242, 0x2242, 0x2242, 0x4282, 0x4A94, 0x8508}},
    {0x809A, 16, {0x0020, 0x3C20, 0x2420, 0x2420, 0x2420, 0x3C20, 0x25FC, 0x2420, 0x2420, 0x3C20, 0x2420, 0x2420, 0x2420, 0x4420, 0x57FE, 0x8800}},
    {0x80B2, 16, {0x0200, 0x0100, 0xFFFE, 0x0800, 0x1010, 0x3FF8, 0x0008, 0x1FF0, 0x1010, 0x1FF0, 0x1010, 0x1FF0, 0x1010, 0x1010, 0x1050, 0x1020}},
    {0x80CC, 16, {0x0480, 0x0498, 0x7CE0, 0x0484, 0x1C84, 0xE47C, 0x4000, 0x1FF0, 0x1010, 0x1FF0, 0x1010, 0x1FF0, 0x1010, 0x1010, 0x1050, 0x1020}},
    {0x80E1, 16, {0x0800, 0x087C, 0x0844, 0x0844, 0x7F44, 0x087C, 0x0844, 0x3E44, 0x2244, 0x227C, 0x2244, 0x2244, 0x3E84, 0x2284, 0x0114, 0x0208}},
    {0x80FD, 16, {0x1040, 0x2444, 0x4248, 0xFF70, 0x0140, 0x0042, 0x7E42, 0x423E, 0x4200, 0x7E44, 0x4248, 0x4270, 0x7E40, 0x4242, 0x4A42, 0x443E}},
    {0x8137, 16, {0x0042, 0x78E2, 0x4B82, 0x488A, 0x488A, 0x788A, 0x4FEA, 0x488A, 0x498A, 0x79CA, 0x4AAA, 0x4A82, 0x4C82, 0x4882, 0x488A, 0x9884}},
    {0x81B3, 16, {0x0088, 0x7850, 0x4BFE, 0x4820, 0x49FC, 0x7820, 0x4BFE, 0x4924, 0x48A8, 0x7BFE, 0x4800, 0x49FC, 0x4904, 0x4904, 0x49FC, 0x9904}},
    {0x81E3, 16, {0x0000, 0x3FFC, 0x2100, 0x2100, 0x2100, 0x3FF8, 0x2008, 0x2008, 0x2008, 0x2008, 0x3FF8, 0x2100, 0x2100, 0x2100, 0x3FFC, 0x0000}},
    {0x81E8, 16, {0x0040, 0x7E40, 0x487E, 0x4880, 0x4900, 0x7E7C, 0x4244, 0x4244, 0x427C, 0x7E00, 0x48EE, 0x48AA, 0x48AA, 0x48AA, 0x7EEE, 0x00AA}},
    {0x81EA, 16, {0x0100, 0x0200, 0x0400, 0x1FF0, 0x1010, 0x1010, 0x1010, 0x1FF0, 0x1010, 0x1010, 0x1FF0, 0x1010, 0x1010, 0x1010, 0x1FF0, 0x1010}},
    {0x81F3, 16, {0x0000, 0x7FFC, 0x0200, 0x0400, 0x0820, 0x1010, 0x3FF8, 0x0008, 0x0100, 0x0100, 0x3FF8, 0x0100, 0x0100, 0x0100, 0xFFFE, 0x0000}},
    {0x81F4, 16, {0x0040, 0xFE40, 0x1040, 0x2080, 0x28FE, 0x4508, 0xFE88, 0x1288, 0x1088, 0x1050, 0x7C50, 0x1020, 0x1050, 0x1E88, 0xF104, 0x4202}},
    {0x81FA, 16, {0x0100, 0xFFFE, 0x0100, 0x3FF8, 0x0000, 0x1FF0, 0x1010, 0x7FFE, 0x4002, 0x9FF4, 0x0820, 0x1FF0, 0x0100, 0x3FF8, 0x0100, 0xFFFE}},
    {0x8207, 16, {0x0A00, 0x3238, 0x2388, 0x2208, 0x3A38, 0x2388, 0x2088, 0x3AB8, 0x2288, 0x2288, 0xFFFE, 0x0000, 0x0820, 0x1010, 0x2008, 0x4004}},
    {0x8208, 16, {0x0000, 0x2FEC, 0x4824, 0x4BA4, 0x682C, 0x4BA4, 0x4AA4, 0x6AAC, 0x4BA4, 0x4824, 0xFFFE, 0x0000, 0x0820, 0x1010, 0x2008, 0x4004}},
    {0x820A, 16, {0x0820, 0xFFFE, 0x0920, 0x1FFC, 0x3080, 0x5FF8, 0x9080, 0x1FF8, 0x1080, 0x1FFC, 0x0200, 0x1C78, 0x1008, 0x1E78, 0x1008, 0x1FF8}},
    {0x820D, 16, {0x0100, 0x0280, 0x0440, 0x0820, 0x3018, 0xCFE6, 0x0100, 0x0100, 0x3FF8, 0x0100, 0x0100, 0x1FF0, 0x1010, 0x1010, 0x1FF0, 0x1010}},
    {0x821E, 16, {0x1000, 0x3FFC, 0x4AA0, 0x0AA0, 0x7FFC, 0x0AA0, 0x0AA0, 0x7FFC, 0x1010, 0x1010, 0x3EFC, 0x4210, 0x1490, 0x08FE, 0x3010, 0xC010}},
    {0x822A, 16, {0x1040, 0x2020, 0x7C00, 0x45FC, 0x6400, 0x5400, 0x54F0, 0xFC90, 0x4490, 0x6490, 0x5490, 0x5492, 0x4492, 0x4512, 0x550E, 0x8A00}},
    {0x8239, 16, {0x0800, 0x1078, 0x3E48, 0x2248, 0x3248, 0x2A48, 0x2A8E, 0xFF00, 0x2200, 0x32FC, 0x2A84, 0x2A84, 0x2284, 0x4284, 0x4AFC, 0x8484}},
    {0x826F, 16, {0x0200, 0x0100, 0x3FF0, 0x2010, 0x2010, 0x3FF0, 0x2010, 0x2010, 0x3FF0, 0x2208, 0x2110, 0x20A0, 0x2040, 0x2420, 0x2818, 0x3006}},
    {0x8272, 16, {0x0800, 0x0800, 0x1FE0, 0x2020, 0x4040, 0xBFF8, 0x2108, 0x2108, 0x2108, 0x3FF8, 0x2000, 0x2002, 0x2002, 0x2002, 0x1FFE, 0x0000}},
    {0x829D, 16, {0x0820, 0x0820, 0xFFFE, 0x0820, 0x0A20, 0x0100, 0x0100, 0x7FF8, 0x0030, 0x00C0, 0x0300, 0x0C00, 0x3000, 0x4800, 0x87FE, 0x0000}},
    {0x82B1, 16, {0x0820, 0x0820, 0xFFFE, 0x0820, 0x0000, 0x0888, 0x0890, 0x10A0, 0x30C0, 0x5080, 0x9180, 0x1282, 0x1482, 0x1082, 0x107E, 0x1000}},
    {0x82B3, 16, {0x0820, 0x0820, 0xFFFE, 0x0820, 0x0A20, 0x0100, 0xFFFE, 0x0400, 0x0400, 0x07F0, 0x0410, 0x0810, 0x0810, 0x1010, 0x20A0, 0x4040}},
    {0x82B7, 16, {0x0820, 0x0820, 0xFFFE, 0x0820, 0x0820, 0x0100, 0x0100, 0x0100, 0x1100, 0x11F8, 0x1100, 0x1100, 0x1100, 0x1100, 0xFFFE, 0x0000}},
    {0x82D1, 16, {0x0440, 0x0440, 0xFFFE, 0x0440, 0x1000, 0x1EF8, 0x1288, 0x2288, 0x2288, 0x52A8, 0x8C90, 0x0482, 0x0882, 0x1082, 0x207E, 0x4000}},
    {0x82E5, 16, {0x0820, 0x0820, 0xFFFE, 0x0820, 0x0A20, 0x0200, 0xFFFE, 0x0400, 0x0800, 0x1FF0, 0x2810, 0x4810, 0x8810, 0x0810, 0x0FF0, 0x0810}},
    {0x82F1, 16, {0x0820, 0x0820, 0xFFFE, 0x0820, 0x0100, 0x0100, 0x1FF0, 0x1110, 0x1110, 0x1110, 0xFFFE, 0x0280, 0x0440, 0x0820, 0x3018, 0xC006}},
    {0x8302, 16, {0x0820, 0x0820, 0xFFFE, 0x0820, 0x0090, 0x0088, 0x3FFC, 0x2080, 0x2088, 0x2088, 0x2050, 0x2050, 0x2024, 0x4054, 0x418C, 0x8604}},
    {0x8303, 16, {0x0440, 0x0440, 0xFFFE, 0x0440, 0x1000, 0x09F8, 0x4908, 0x2108, 0x2508, 0x0528, 0x0910, 0x7102, 0x1102, 0x1102, 0x10FE, 0x0000}},
    {0x8305, 16, {0x0820, 0x0820, 0xFFFE, 0x0820, 0x0000, 0x3FF0, 0x0020, 0x0640, 0x0180, 0xFFFE, 0x0282, 0x0484, 0x0880, 0x3080, 0xC280, 0x0100}},
    {0x8318, 16, {0x0440, 0x0440, 0xFFFE, 0x0440, 0x0000, 0x3FF8, 0x0408, 0x0850, 0x3020, 0x0000, 0x7EFC, 0x1224, 0x1224, 0x2244, 0x4A94, 0x8508}},
    {0x8335, 16, {0x0440, 0x0440, 0xFFFE, 0x0440, 0x0000, 0x3FF8, 0x2108, 0x2108, 0x2FE8, 0x2108, 0x2288, 0x2448, 0x2828, 0x2008, 0x3FF8, 0x2008}},
    {0x8336, 16, {0x0820, 0x0820, 0xFFFE, 0x0820, 0x0920, 0x0280, 0x0440, 0x0920, 0x3118, 0xDFF6, 0x0100, 0x0920, 0x1110, 0x2108, 0x0500, 0x0200}},
    {0x8343, 16, {0x0820, 0x0820, 0xFFFE, 0x0920, 0x0280, 0x0440, 0x0820, 0x3018, 0xCFE6, 0x0100, 0x0100, 0x1FF0, 0x0100, 0x0100, 0x7FFC, 0x0000}},
    {0x8349, 16, {0x0440, 0x0440, 0xFFFE, 0x0440, 0x0000, 0x1FF0, 0x1010, 0x1FF0, 0x1010, 0x1FF0, 0x0100, 0xFFFE, 0x0100, 0x0100, 0x0100, 0x0100}},
    {0x8354, 16, {0x0820, 0xFFFE, 0x0A20, 0x0200, 0x3FF0, 0x0410, 0x18A0, 0x6040, 0x1020, 0x1020, 0x7EFC, 0x1224, 0x2244, 0x2244, 0x4A94, 0x8508}},
    {0x8377, 16, {0x0440, 0x0440, 0xFFFE, 0x0440, 0x1000, 0x17FE, 0x2008, 0x6008, 0xA7C8, 0x2448, 0x2448, 0x2448, 0x27C8, 0x2008, 0x2028, 0x2010}},
    {0x8386, 16, {0x0820, 0x0820, 0xFFFE, 0x0920, 0x0110, 0xFFFE, 0x0100, 0x3FF8, 0x2108, 0x3FF8, 0x2108, 0x3FF8, 0x2108, 0x2108, 0x2128, 0x2110}},
    {0x838A, 16, {0x0440, 0x0440, 0xFFFE, 0x0440, 0x0000, 0x2420, 0x2420, 0x2420, 0x3C20, 0x07FE, 0x0420, 0xFC20, 0x2420, 0x2420, 0x25FC, 0x4400}},
    {0x838E, 16, {0x0820, 0x0820, 0xFFFE, 0x0820, 0x0000, 0x1020, 0x0820, 0x40A8, 0x24A4, 0x0522, 0x0922, 0x7228, 0x1010, 0x1060, 0x1180, 0x0600}},
    {0x83C1, 16, {0x0820, 0xFFFE, 0x0920, 0x3FF8, 0x0100, 0x1FF0, 0x0100, 0xFFFE, 0x0000, 0x1FF0, 0x1010, 0x1FF0, 0x1010, 0x1FF0, 0x1010, 0x1030}},
    {0x83CA, 16, {0x0440, 0x0440, 0xFFFE, 0x0440, 0x1000, 0x1FFC, 0x2204, 0x5244, 0x8A84, 0x0204, 0x7FF4, 0x0704, 0x0A84, 0x1244, 0x6214, 0x0208}},
    {0x83DC, 16, {0x0820, 0x0820, 0xFFFE, 0x0820, 0x0010, 0x00F8, 0x3F00, 0x1110, 0x0820, 0x0100, 0x7FFC, 0x0540, 0x0920, 0x3118, 0xC106, 0x0100}},
    {0x83E0, 16, {0x0440, 0x0440, 0xFFFE, 0x0440, 0x2020, 0x1020, 0x13FC, 0x8224, 0x4220, 0x4BF8, 0x0A88, 0x1288, 0xE250, 0x2420, 0x2450, 0x298C}},
    {0x83EF, 16, {0x0440, 0x0440, 0xFFFE, 0x0440, 0x7FFC, 0x1110, 0x1110, 0xFFFE, 0x1110, 0x1110, 0x7FFC, 0x0100, 0xFFFE, 0x0100, 0x0100, 0x0100}},
    {0x83F2, 16, {0x0820, 0x0820, 0xFFFE, 0x0820, 0x0820, 0x0440, 0x7C7C, 0x0440, 0x0440, 0x7C7C, 0x0440, 0x0440, 0xFC7E, 0x0440, 0x0440, 0x0440}},
    {0x83F4, 16, {0x0820, 0x0820, 0xFFFE, 0x0A20, 0x0200, 0x7FFC, 0x0440, 0x0920, 0x3FF8, 0xD116, 0x1FF0, 0x1110, 0x1FF4, 0x0104, 0x0104, 0x00FC}},
    {0x8403, 16, {0x0820, 0x0820, 0xFFFE, 0x0A20, 0x0100, 0x7FFC, 0x0820, 0x0820, 0x1450, 0x2288, 0x0100, 0xFFFE, 0x0100, 0x0100, 0x0100, 0x0100}},
    {0x840A, 16, {0x0820, 0x0820, 0xFFFE, 0x0920, 0x0100, 0x7FFC, 0x1110, 0x1110, 0x2928, 0x4544, 0x0380, 0x0540, 0x0920, 0x3118, 0xC106, 0x0100}},
    {0x842C, 16, {0x0440, 0x0440, 0xFFFE, 0x0440, 0x1FF0, 0x1110, 0x1FF0, 0x1110, 0x1FF0, 0x0100, 0x3FF8, 0x2108, 0x2148, 0x2FE8, 0x2428, 0x2010}},
    {0x843C, 16, {0x0820, 0xFFFE, 0x0820, 0x0000, 0x3EF8, 0x2288, 0x3EF8, 0x0000, 0x3FF8, 0x0000, 0xFFFE, 0x0800, 0x0FF0, 0x0010, 0x00A0, 0x0040}},
    {0x843D, 16, {0x0820, 0x0820, 0xFFFE, 0x0820, 0x2080, 0x10F8, 0x1108, 0x8290, 0x4860, 0x4998, 0x1606, 0xE1F8, 0x2108, 0x2108, 0x21F8, 0x2108}},
    {0x8449, 16, {0x0440, 0x0440, 0xFFFE, 0x0440, 0x1220, 0x7FFC, 0x1220, 0x13E0, 0x1000, 0x1FF8, 0x0100, 0xFFFE, 0x0540, 0x1930, 0xE10E, 0x0100}},
    {0x8457, 16, {0x0820, 0xFFFE, 0x0820, 0x0208, 0x3FD0, 0x0220, 0x0240, 0xFFFE, 0x0300, 0x0C00, 0x3FF0, 0xC810, 0x0FF0, 0x0810, 0x0FF0, 0x0810}},
    {0x846C, 16, {0x0820, 0xFFFE, 0x0820, 0xFFFE, 0x1080, 0x3E98, 0x42E0, 0x2484, 0x1884, 0xE07C, 0x0820, 0x0820, 0xFFFE, 0x0820, 0x1020, 0x2020}},
    {0x8475, 16, {0x0820, 0xFFFE, 0x0820, 0x0090, 0x7EA0, 0x0444, 0x2828, 0x1010, 0x2FE8, 0xC106, 0x0100, 0x7FFC, 0x0100, 0x02C0, 0x0C30, 0x7008}},
    {0x8499, 16, {0x0820, 0xFFFE, 0x0820, 0x7FFE, 0x4002, 0x8FE4, 0x0000, 0x7FFC, 0x0600, 0x3B08, 0x04B0, 0x19C0, 0x62A0, 0x0C98, 0x7286, 0x0100}},
    {0x84B2, 16, {0x0820, 0x0820, 0xFFFE, 0x0828, 0x4044, 0x27FE, 0x2040, 0x87FC, 0x4444, 0x57FC, 0x1444, 0xE7FC, 0x2444, 0x2444, 0x2454, 0x0408}},
    {0x84EC, 16, {0x0820, 0xFFFE, 0x0820, 0x0100, 0x23F0, 0x1510, 0x10E0, 0x071C, 0x7040, 0x13F8, 0x1040, 0x11F0, 0x1040, 0x17FC, 0x2840, 0x47FE}},
    {0x84EE, 16, {0x0820, 0xFFFE, 0x0820, 0x0040, 0x27FC, 0x1040, 0x13F8, 0x0248, 0x73F8, 0x1248, 0x13F8, 0x1040, 0x17FC, 0x2840, 0x47FE, 0x0000}},
    {0x8521, 16, {0x0440, 0xFFFE, 0x0440, 0x1080, 0x1EF8, 0x2288, 0x5450, 0x2820, 0x17D8, 0x2006, 0xDFF0, 0x0100, 0x1110, 0x2108, 0x4504, 0x0200}},
    {0x852C, 16, {0x0820, 0xFFFE, 0x0820, 0x0010, 0x7DFE, 0x0420, 0x1848, 0x51FE, 0x5002, 0x5CA8, 0x50A8, 0x50A8, 0x5D2A, 0x712A, 0xC22A, 0x0406}},
    {0x852D, 16, {0x0820, 0xFFFE, 0x0820, 0x0040, 0x78A0, 0x4910, 0x5248, 0x65F4, 0x5020, 0x4840, 0x4BF8, 0x6800, 0x57FC, 0x4080, 0x4110, 0x43F8}},
    {0x8534, 16, {0x0820, 0x0820, 0xFFFE, 0x0920, 0x0080, 0x3FFC, 0x2420, 0x2420, 0x3F7C, 0x2420, 0x2E70, 0x2D68, 0x34A4, 0x4522, 0x4420, 0x8420}},
    {0x8549, 16, {0x0820, 0x0820, 0xFFFE, 0x0920, 0x0880, 0x1FFC, 0x3080, 0x5FF8, 0x1080, 0x1FF8, 0x1080, 0x1FFC, 0x1000, 0x2488, 0x2244, 0x4244}},
    {0x8559, 16, {0x0820, 0xFFFE, 0x0920, 0x3FF8, 0x0100, 0x1FF0, 0x1110, 0x1FF0, 0x1110, 0x1FF0, 0x0108, 0x7FFC, 0x0204, 0x4908, 0x4824, 0x87E4}},
    {0x8584, 16, {0x0820, 0xFFFE, 0x0820, 0x0048, 0x27FC, 0x1040, 0x13F8, 0x8248, 0x43F8, 0x4A48, 0x0BF8, 0x1248, 0xF010, 0x27FC, 0x2210, 0x2130}},
    {0x8588, 16, {0x0820, 0xFFFE, 0x0920, 0x0280, 0x0C60, 0x37D8, 0xC006, 0x3FF8, 0x2928, 0x3FF8, 0x0000, 0x1FF0, 0x1010, 0x1FF0, 0x1010, 0x1FF0}},
    {0x85CD, 16, {0x0820, 0xFFFE, 0x0820, 0x0000, 0x3F20, 0x2420, 0x3F3E, 0x2140, 0x3F50, 0x2488, 0x3F08, 0x0000, 0x3FF8, 0x2448, 0x2448, 0xFFFE}},
    {0x85DD, 16, {0x0820, 0xFFFE, 0x0820, 0x3E20, 0x08F8, 0x7F28, 0x2A28, 0x5D6A, 0x082A, 0x3E56, 0x0082, 0x3FF8, 0x0000, 0xFFFE, 0x1010, 0x3FF8}},
    {0x8605, 16, {0x0820, 0xFFFE, 0x0820, 0x2200, 0x47DC, 0x8880, 0x17C0, 0x257E, 0x67C8, 0xA548, 0x27C8, 0x2108, 0x2FE8, 0x2108, 0x22A8, 0x2450}},
    {0x8606, 16, {0x0820, 0xFFFE, 0x0920, 0x01F8, 0x0100, 0x3FFC, 0x2104, 0x2FE0, 0x2108, 0x27F8, 0x2490, 0x27F0, 0x2490, 0x4FF8, 0x4948, 0x9FFC}},
    {0x8607, 16, {0x0440, 0x0440, 0xFFFE, 0x0440, 0x200C, 0x3E70, 0x4410, 0xFF10, 0x49FE, 0x7F10, 0x4938, 0x7F34, 0x0054, 0x5552, 0x8A90, 0x0010}},
    {0x862D, 16, {0x0820, 0xFFFE, 0x0820, 0x7C7C, 0x4444, 0x7C7C, 0x4444, 0x7C7C, 0x4104, 0x5FF4, 0x4104, 0x5FF4, 0x5554, 0x5FF4, 0x4544, 0x592C}},
    {0x863F, 16, {0x0820, 0xFFFE, 0x0820, 0x7FFC, 0x4444, 0x7FFC, 0x10A0, 0x2090, 0x45FE, 0x7920, 0x13FC, 0x2520, 0x7DFC, 0x0120, 0x55FE, 0x8100}},
    {0x864E, 16, {0x0100, 0x01F8, 0x0100, 0x3FFC, 0x2104, 0x2160, 0x2F88, 0x2108, 0x20F8, 0x2000, 0x23E0, 0x2220, 0x2220, 0x4424, 0x4824, 0x901C}},
    {0x8655, 16, {0x0100, 0x01F8, 0x0100, 0x3FFE, 0x2102, 0x21F0, 0x2F04, 0x20FC, 0x2400, 0x2438, 0x27A8, 0x28AA, 0x352A, 0x4246, 0x4580, 0x987E}},
    {0x865F, 16, {0x0020, 0x783E, 0x4820, 0x49FE, 0x4922, 0x7938, 0x01E0, 0xFD22, 0x211E, 0x4100, 0x7978, 0x0948, 0x0948, 0x0A4A, 0x524A, 0x2486}},
    {0x8679, 16, {0x1000, 0x1000, 0x11FC, 0x7C20, 0x5420, 0x5420, 0x5420, 0x5420, 0x7C20, 0x5020, 0x1020, 0x1420, 0x1E20, 0xE220, 0x43FE, 0x0000}},
    {0x86DF, 16, {0x1040, 0x1020, 0x1020, 0x7DFE, 0x5400, 0x5488, 0x5504, 0x5602, 0x7C88, 0x5088, 0x1050, 0x1450, 0x1C20, 0xE450, 0x4088, 0x0306}},
    {0x8774, 16, {0x2100, 0x213C, 0x2124, 0xFBA4, 0xA924, 0xA93C, 0xA924, 0xABA4, 0xFAA4, 0xA2BC, 0x22A4, 0x2AA4, 0x3BA4, 0xE844, 0x4054, 0x0088}},
    {0x8776, 16, {0x2048, 0x2148, 0x2148, 0xFBFE, 0xA948, 0xA948, 0xA978, 0xA900, 0xF9FE, 0xA020, 0x23FE, 0x2870, 0x38A8, 0xE924, 0x4622, 0x0020}},
    {0x878D, 16, {0x0020, 0xFE20, 0x0020, 0x7CFC, 0x44A4, 0x7CA4, 0x00A4, 0xFEA4, 0x82FC, 0xAAA4, 0x9220, 0xFE28, 0x9224, 0x92FE, 0x9242, 0x8600}},
    {0x87E0, 16, {0x203C, 0x23E0, 0x2124, 0xF8A8, 0xABFE, 0xA8A8, 0xA924, 0xAA02, 0xF9FC, 0xA124, 0x2124, 0x29FC, 0x3924, 0xE924, 0x41FC, 0x0104}},
    {0x8814, 16, {0x2020, 0x23FE, 0x2000, 0xF9FC, 0xA904, 0xA9FC, 0xA800, 0xABFE, 0xFA02, 0xA1FC, 0x2040, 0x2BA4, 0x38D8, 0xEB34, 0x40D2, 0x0330}},
    {0x8840, 16, {0x0100, 0x0100, 0x0200, 0x3FF8, 0x2448, 0x2448, 0x2448, 0x2448, 0x2448, 0x2448, 0x2448, 0x2448, 0x2448, 0x2448, 0xFFFE, 0x0000}},
    {0x884C, 16, {0x0800, 0x09FC, 0x1000, 0x2000, 0x4800, 0x0800, 0x13FE, 0x3020, 0x5020, 0x9020, 0x1020, 0x1020, 0x1020, 0x1020, 0x10A0, 0x1040}},
    {0x884D, 16, {0x1000, 0x1200, 0x211C, 0x4100, 0x8000, 0x1400, 0x223E, 0x6288, 0xA088, 0x2108, 0x2708, 0x2108, 0x2108, 0x2108, 0x2128, 0x2010}},
    {0x8857, 16, {0x1100, 0x1100, 0x27DC, 0x4100, 0x8100, 0x17C0, 0x203E, 0x6108, 0xA108, 0x27C8, 0x2108, 0x2108, 0x21C8, 0x2E08, 0x2428, 0x2010}},
    {0x8859, 16, {0x1000, 0x1FC0, 0x221C, 0x4200, 0x8F80, 0x1480, 0x24BE, 0x6FC8, 0xA008, 0x2008, 0x2788, 0x2488, 0x2488, 0x2488, 0x27A8, 0x2490}},
    {0x885B, 16, {0x1200, 0x1200, 0x2FCE, 0x4440, 0x9FE0, 0x1000, 0x2FDE, 0x6844, 0xAFC4, 0x2104, 0x2FC4, 0x2104, 0x2904, 0x2FE4, 0x2114, 0x2108}},
    {0x8861, 16, {0x1200, 0x13C0, 0x244E, 0x4880, 0x87C0, 0x1540, 0x255E, 0x67C4, 0xA544, 0x2544, 0x27C4, 0x2104, 0x2FE4, 0x2104, 0x2294, 0x2448}},
    {0x8863, 16, {0x0200, 0x0100, 0x0100, 0xFFFE, 0x0200, 0x0200, 0x0500, 0x0508, 0x0890, 0x18A0, 0x2840, 0x4820, 0x8810, 0x0A08, 0x0C06, 0x0800}},
    {0x8868, 16, {0x0100, 0x0100, 0x7FFC, 0x0100, 0x0100, 0x3FF8, 0x0100, 0x0100, 0xFFFE, 0x0500, 0x0888, 0x1850, 0x2820, 0xC918, 0x0A06, 0x0C00}},
    {0x88C1, 16, {0x0840, 0x0848, 0x7F44, 0x0844, 0x0840, 0xFFFE, 0x1040, 0x0844, 0xFF44, 0x1044, 0x2928, 0x662A, 0xA212, 0x292A, 0x3046, 0x2082}},
    {0x88D5, 16, {0x2000, 0x1050, 0x0048, 0xFC84, 0x0924, 0x1020, 0x1050, 0x3488, 0x5906, 0x94F8, 0x1488, 0x1088, 0x1088, 0x1088, 0x10F8, 0x1088}},
    {0x88D8, 16, {0x0120, 0x0110, 0x7FFC, 0x1110, 0x09A0, 0x0540, 0x1930, 0x6208, 0x0100, 0xFFFE, 0x0500, 0x0C88, 0x3450, 0xC530, 0x060E, 0x0400}},
    {0x88DD, 16, {0x2420, 0x2420, 0x3C20, 0x05FC, 0xFC20, 0x2420, 0x24F8, 0x4600, 0x0100, 0xFFFE, 0x0500, 0x0C88, 0x3450, 0xC530, 0x060E, 0x0400}},
    {0x8907, 16, {0x2100, 0x1100, 0x01FE, 0xFA00, 0x0DFC, 0x1104, 0x11FC, 0x3504, 0x59FC, 0x9480, 0x14FC, 0x1108, 0x1290, 0x1060, 0x1198, 0x1606}},
    {0x8914, 16, {0x2000, 0x13FE, 0x0000, 0xF9FC, 0x0904, 0x1104, 0x15FC, 0x3800, 0x57FE, 0x9222, 0x1222, 0x13FE, 0x1222, 0x1222, 0x13FE, 0x1202}},
    {0x897F, 16, {0x0000, 0xFFFE, 0x0440, 0x0440, 0x0440, 0x3FF8, 0x2448, 0x2448, 0x2448, 0x2448, 0x2838, 0x3008, 0x2008, 0x2008, 0x3FF8, 0x2008}},
    {0x8981, 16, {0x0000, 0x7FFC, 0x0440, 0x0440, 0x3FF8, 0x2448, 0x2448, 0x3FF8, 0x0200, 0x7FFC, 0x0420, 0x0840, 0x1C80, 0x0380, 0x0670, 0x3808}},
    {0x898B, 16, {0x0000, 0x1FF0, 0x1010, 0x1010, 0x1FF0, 0x1010, 0x1010, 0x1FF0, 0x1010, 0x1010, 0x1FF0, 0x0440, 0x0440, 0x0842, 0x3042, 0xC03E}},
    {0x8996, 16, {0x2000, 0x11FC, 0x1104, 0xF904, 0x09FC, 0x1104, 0x1104, 0x39FC, 0x5504, 0x9504, 0x11FC, 0x1050, 0x1090, 0x1092, 0x1112, 0x120E}},
    {0x89AA, 16, {0x1000, 0x087C, 0x7F44, 0x0044, 0x227C, 0x1444, 0xFF44, 0x087C, 0x0844, 0x7F44, 0x087C, 0x2A28, 0x4928, 0x88CA, 0x284A, 0x1086}},
    {0x89BA, 16, {0x3AB8, 0x2108, 0x3AB8, 0x2288, 0x3938, 0x2288, 0x7FFE, 0x5012, 0x9FF4, 0x1010, 0x1FF0, 0x1010, 0x1FF0, 0x0442, 0x1842, 0xE03E}},
    {0x89BD, 16, {0x7E40, 0x487E, 0x7E90, 0x4308, 0x7EFE, 0x48AA, 0x7FFE, 0x1010, 0x1FF0, 0x1010, 0x1FF0, 0x1010, 0x1FF0, 0x0442, 0x1842, 0xE03E}},
    {0x89C0, 16, {0x2200, 0x227C, 0xFFC4, 0x2244, 0x777C, 0x5544, 0x7744, 0x127C, 0x3F44, 0x6444, 0xBF7C, 0x2428, 0x3F28, 0x244A, 0x3F4A, 0x2086}},
    {0x89D2, 16, {0x0800, 0x0800, 0x1FE0, 0x2020, 0x4040, 0xBFF8, 0x2108, 0x2108, 0x3FF8, 0x2108, 0x2108, 0x3FF8, 0x2108, 0x4108, 0x4128, 0x8010}},
    {0x89E3, 16, {0x1000, 0x10FC, 0x3C24, 0x2424, 0x4854, 0xBE88, 0x2A10, 0x2A50, 0x3E7C, 0x2A90, 0x2A10, 0x3EFE, 0x2A10, 0x4A10, 0x4210, 0x8610}},
    {0x8A00, 16, {0x0200, 0x0100, 0xFFFE, 0x0000, 0x0000, 0x3FF8, 0x0000, 0x0000, 0x3FF8, 0x0000, 0x0000, 0x3FF8, 0x2008, 0x2008, 0x3FF8, 0x2008}},
    {0x8A08, 16, {0x2020, 0x1020, 0x1020, 0xFE20, 0x0020, 0x7C20, 0x03FE, 0x7C20, 0x0020, 0x7C20, 0x4420, 0x4420, 0x4420, 0x7C20, 0x4420, 0x0020}},
    {0x8A0A, 16, {0x2000, 0x13F0, 0x0090, 0xFC90, 0x0090, 0x7890, 0x0090, 0x7BF0, 0x0090, 0x7890, 0x4890, 0x4892, 0x488A, 0x788A, 0x4886, 0x0082}},
    {0x8A13, 16, {0x2104, 0x1124, 0x0124, 0xFD24, 0x0124, 0x7924, 0x0124, 0x7924, 0x0124, 0x7924, 0x4924, 0x4924, 0x4924, 0x7A24, 0x4A04, 0x0404}},
    {0x8A18, 16, {0x2000, 0x1000, 0x10FC, 0xFE04, 0x0004, 0x7C04, 0x0004, 0x7CFC, 0x0084, 0x7C80, 0x4480, 0x4480, 0x4482, 0x7C82, 0x447E, 0x0000}},
    {0x8A2D, 16, {0x2000, 0x10F8, 0x1088, 0xFE88, 0x0088, 0x7D06, 0x0200, 0x7DFC, 0x0084, 0x7C84, 0x4448, 0x4450, 0x4420, 0x7C50, 0x4488, 0x0306}},
    {0x8A31, 16, {0x2080, 0x1080, 0x0080, 0xFDFC, 0x0120, 0x7A20, 0x0020, 0x7820, 0x03FE, 0x7820, 0x4820, 0x4820, 0x4820, 0x7820, 0x4820, 0x0020}},
    {0x8A3A, 16, {0x2020, 0x1020, 0x0050, 0xFC88, 0x0104, 0x7A12, 0x0020, 0x7840, 0x0188, 0x7810, 0x4820, 0x4844, 0x4988, 0x7810, 0x4860, 0x0380}},
    {0x8A62, 16, {0x2080, 0x1080, 0x01FC, 0xFD04, 0x0204, 0x79E4, 0x0124, 0x7924, 0x01E4, 0x7924, 0x4924, 0x49E4, 0x4904, 0x7804, 0x4828, 0x0010}},
    {0x8A69, 16, {0x2020, 0x1020, 0x0020, 0xFDFC, 0x0020, 0x7820, 0x03FE, 0x7808, 0x0008, 0x79FE, 0x4808, 0x4888, 0x4848, 0x7808, 0x4828, 0x0010}},
    {0x8A8C, 16, {0x2020, 0x1020, 0x0020, 0xFBFE, 0x0020, 0x7820, 0x0020, 0x79FC, 0x0040, 0x7820, 0x48A4, 0x4A82, 0x4A8A, 0x7A8A, 0x4C78, 0x0000}},
    {0x8A8D, 16, {0x2000, 0x13FC, 0x0044, 0xFD44, 0x0144, 0x7A84, 0x0094, 0x7908, 0x0240, 0x7820, 0x48A4, 0x4A82, 0x4A8A, 0x7A8A, 0x4478, 0x0000}},
    {0x8A9E, 16, {0x2000, 0x13FC, 0x0040, 0xFC40, 0x01F8, 0x7888, 0x0088, 0x7BFE, 0x0000, 0x7800, 0x49F8, 0x4908, 0x4908, 0x7908, 0x49F8, 0x0108}},
    {0x8AA0, 16, {0x2028, 0x1024, 0x0024, 0xFC20, 0x03FE, 0x7A20, 0x0224, 0x7A24, 0x03A4, 0x7AA8, 0x4AA8, 0x4A90, 0x4A92, 0x7DAA, 0x4446, 0x0882}},
    {0x8AA4, 16, {0x2000, 0x11FC, 0x0104, 0xFD04, 0x01FC, 0x7800, 0x0000, 0x79FC, 0x0020, 0x7820, 0x4BFE, 0x4820, 0x4850, 0x7888, 0x4904, 0x0202}},
    {0x8ABF, 16, {0x2000, 0x11FC, 0x0124, 0xFD24, 0x0174, 0x7924, 0x01FC, 0x7904, 0x0174, 0x7954, 0x4954, 0x4974, 0x4904, 0x7A04, 0x4A14, 0x0408}},
    {0x8ACB, 16, {0x2020, 0x1020, 0x03FE, 0xFC20, 0x01FC, 0x7820, 0x03FE, 0x7800, 0x01FC, 0x7904, 0x49FC, 0x4904, 0x49FC, 0x7904, 0x4914, 0x0108}},
    {0x8AFE, 16, {0x2088, 0x1088, 0x03FE, 0xFC88, 0x00A8, 0x7820, 0x03FE, 0x7840, 0x0080, 0x78FC, 0x4984, 0x4A84, 0x4884, 0x7884, 0x48FC, 0x0084}},
    {0x8B19, 16, {0x2088, 0x1050, 0x0000, 0xFDFE, 0x0050, 0x79FC, 0x0054, 0x7BFE, 0x0054, 0x79FC, 0x4850, 0x48D8, 0x4954, 0x7A52, 0x4850, 0x0050}},
    {0x8B1D, 16, {0x4084, 0x2104, 0x03C4, 0xFA44, 0x03DE, 0x7244, 0x03C4, 0x7264, 0x0254, 0x77D4, 0x50C4, 0x5144, 0x5244, 0x7444, 0x5154, 0x0088}},
    {0x8B49, 16, {0x2020, 0x17A4, 0x00A8, 0xFA92, 0x0114, 0x7A08, 0x05F4, 0x7802, 0x03F8, 0x7A08, 0x4A08, 0x4BF8, 0x4A08, 0x7910, 0x4FFE, 0x0000}},
    {0x8B5A, 16, {0x2000, 0x13FE, 0x0050, 0xFBFE, 0x0252, 0x7BFE, 0x0000, 0x79FC, 0x0104, 0x79FC, 0x4904, 0x49FC, 0x4820, 0x7BFE, 0x4820, 0x0020}},
    {0x8B66, 16, {0x2420, 0xFF20, 0x247E, 0x7EC4, 0x8228, 0x7A10, 0x4A28, 0x7AC6, 0x0500, 0xFFFE, 0x0000, 0x3FF8, 0x0000, 0x3FF8, 0x2008, 0x3FF8}},
    {0x8B70, 16, {0x2104, 0x1088, 0x03FE, 0xFC20, 0x01FC, 0x7820, 0x03FE, 0x7854, 0x0192, 0x7890, 0x4BFE, 0x4890, 0x48D4, 0x7B8A, 0x4896, 0x01A2}},
    {0x8B77, 16, {0x2088, 0x13FE, 0x00A8, 0xFC90, 0x01FE, 0x7B20, 0x01FC, 0x7920, 0x01FC, 0x7920, 0x49FE, 0x4900, 0x4BFC, 0x7888, 0x4870, 0x038E}},
    {0x8B7D, 16, {0x0A00, 0x33B8, 0x2208, 0x3BB8, 0x2088, 0x3AB8, 0x2288, 0xFFFE, 0x1110, 0x3FF8, 0x4004, 0x9FF2, 0x0000, 0x1FF0, 0x1010, 0x1FF0}},
    {0x8B80, 16, {0x2020, 0x13FE, 0x0020, 0xFDFC, 0x0000, 0x7BFE, 0x0252, 0x7BFE, 0x0104, 0x79FC, 0x4904, 0x49FC, 0x4904, 0x79FC, 0x4888, 0x0104}},
    {0x8B8A, 16, {0x2104, 0x47C8, 0x8812, 0xF3BC, 0x2008, 0x4B92, 0xF83E, 0x0380, 0xAAAA, 0xABAA, 0x0800, 0x1FF8, 0x2820, 0x07C0, 0x1830, 0xE00E}},
    {0x8B93, 16, {0x2020, 0x13FE, 0x0000, 0xFDDC, 0x0154, 0x79DC, 0x0088, 0x7BFE, 0x0088, 0x7BFE, 0x4888, 0x4BFE, 0x4894, 0x7988, 0x4AA4, 0x00C2}},
    {0x8C37, 16, {0x0820, 0x0810, 0x1108, 0x2104, 0x4280, 0x0440, 0x0820, 0x3018, 0xC006, 0x1FF0, 0x1010, 0x1010, 0x1010, 0x1010, 0x1FF0, 0x1010}},
    {0x8C49, 16, {0x0020, 0xFE20, 0x0020, 0x01FE, 0x7C20, 0x4420, 0x4420, 0x45FC, 0x7C84, 0x0088, 0x4448, 0x2850, 0x2E20, 0xF050, 0x4188, 0x0606}},
    {0x8C50, 16, {0x0820, 0x1D70, 0x4924, 0x5D74, 0x4924, 0x5D74, 0x4924, 0x7FFC, 0x0000, 0x7FFC, 0x0000, 0x1FF0, 0x1010, 0x1FF0, 0x0440, 0x7FFC}},
    {0x8C61, 16, {0x0800, 0x1FE0, 0x2020, 0x7FF8, 0xA108, 0x2208, 0x3FF8, 0x0600, 0x1910, 0x62A0, 0x0CC0, 0x71A0, 0x0690, 0x1888, 0xE286, 0x0100}},
    {0x8C6A, 16, {0x0100, 0x7FFC, 0x0000, 0x1FF0, 0x1010, 0x1FF0, 0x0000, 0x7FFE, 0x4002, 0x9FF4, 0x0600, 0x1920, 0x06C0, 0x39B0, 0x068C, 0x3980}},
    {0x8C6B, 16, {0x0080, 0xF8F8, 0x0908, 0x53FE, 0x2512, 0x1122, 0xFDFE, 0x2440, 0x28A2, 0x2354, 0x2098, 0x2334, 0x2054, 0x2092, 0xA350, 0x4020}},
    {0x8C9D, 16, {0x0000, 0x3FF8, 0x2008, 0x2008, 0x3FF8, 0x2008, 0x2008, 0x3FF8, 0x2008, 0x2008, 0x3FF8, 0x0000, 0x0820, 0x1010, 0x2008, 0x4004}},
    {0x8CA1, 16, {0x0010, 0x7C10, 0x4410, 0x4410, 0x7DFE, 0x4410, 0x4430, 0x7C30, 0x4450, 0x4450, 0x7C90, 0x0110, 0x2810, 0x2410, 0x4450, 0x8020}},
    {0x8CA2, 16, {0x0000, 0x3FF8, 0x0100, 0x0100, 0xFFFE, 0x0000, 0x3FF8, 0x2008, 0x3FF8, 0x2008, 0x3FF8, 0x2008, 0x3FF8, 0x0820, 0x1010, 0x2008}},
    {0x8CA8, 16, {0x0880, 0x1098, 0x30E0, 0x5784, 0x9084, 0x107C, 0x0000, 0x1FF0, 0x1010, 0x1FF0, 0x1010, 0x1FF0, 0x1010, 0x1FF0, 0x0820, 0x1010}},
    {0x8CAB, 16, {0x0000, 0x1FF0, 0x1110, 0xFFFE, 0x1110, 0x1FF0, 0x0000, 0x1FF0, 0x1010, 0x1FF0, 0x1010, 0x1FF0, 0x1010, 0x1FF0, 0x0820, 0x1010}},
    {0x8CB4, 16, {0x0100, 0x1FF0, 0x1110, 0x1FF0, 0x0100, 0xFFFE, 0x0000, 0x1FF0, 0x1010, 0x1FF0, 0x1010, 0x1FF0, 0x1010, 0x1FF0, 0x0820, 0x1010}},
    {0x8CBB, 16, {0x0440, 0x7FF8, 0x0448, 0x3FF8, 0x2440, 0x3FFC, 0x0844, 0x1FF4, 0x301C, 0x5FF0, 0x1010, 0x1FF0, 0x1010, 0x1FF0, 0x0820, 0x1010}},
    {0x8CBF, 16, {0x0600, 0x78FC, 0x4044, 0x4844, 0x4444, 0x5A94, 0x6108, 0x1FF0, 0x1010, 0x1FF0, 0x1010, 0x1FF0, 0x1010, 0x1FF0, 0x0820, 0x1010}},
    {0x8CC7, 16, {0x4100, 0x21FC, 0x0A44, 0x1048, 0xE0A0, 0x2118, 0x2606, 0x1FF0, 0x1010, 0x1FF0, 0x1010, 0x1FF0, 0x1010, 0x1FF0, 0x0820, 0x1010}},
    {0x8CC8, 16, {0x0000, 0x7FFC, 0x0440, 0x3FF8, 0x2448, 0x3FF8, 0x0000, 0x1FF0, 0x1010, 0x1FF0, 0x1010, 0x1FF0, 0x1010, 0x1FF0, 0x0820, 0x1010}},
    {0x8CD3, 16, {0x0100, 0x7FFE, 0x4002, 0xBFFC, 0x0910, 0x3160, 0x0380, 0x3FF8, 0xE008, 0x3FF8, 0x2008, 0x3FF8, 0x2008, 0x3FF8, 0x0820, 0x1010}},
    {0x8CDE, 16, {0x1110, 0x0920, 0x7FFE, 0x4002, 0x9FF4, 0x1010, 0x3FF8, 0x2008, 0x3FF8, 0x2008, 0x3FF8, 0x2008, 0x3FF8, 0x0820, 0x1010, 0x2008}},
    {0x8CE2, 16, {0x0000, 0x7EFC, 0x4844, 0x7E44, 0x4228, 0x7E10, 0x4828, 0x7FF6, 0x1010, 0x1FF0, 0x1010, 0x1FF0, 0x1010, 0x1FF0, 0x0820, 0x1010}},
    {0x8CE6, 16, {0x0008, 0x7C0C, 0x44EA, 0x440A, 0x7C08, 0x45FE, 0x4448, 0x7C48, 0x4548, 0x4568, 0x7D48, 0x0148, 0x294A, 0x256A, 0x4786, 0x8102}},
    {0x8CFC, 16, {0x0088, 0x7888, 0x4BFE, 0x4888, 0x79FC, 0x4888, 0x4BFE, 0x7820, 0x49FC, 0x4924, 0x79FC, 0x0124, 0x53FE, 0x4904, 0x8914, 0x0108}},
    {0x8CFD, 16, {0x0100, 0x7FFE, 0x4442, 0x9FF4, 0x0440, 0x3FF8, 0x0440, 0xFFFE, 0x0820, 0x1FF0, 0x2828, 0xCFE6, 0x0820, 0x0FE0, 0x0440, 0x0820}},
    {0x8D64, 16, {0x0100, 0x0100, 0x0100, 0x3FF8, 0x0100, 0x0100, 0xFFFE, 0x0440, 0x0440, 0x2448, 0x2444, 0x4442, 0x8842, 0x0840, 0x1140, 0x2080}},
    {0x8D70, 16, {0x0100, 0x0100, 0x0100, 0x3FF8, 0x0100, 0x0100, 0xFFFE, 0x0100, 0x0100, 0x1100, 0x11F8, 0x1100, 0x1100, 0x2900, 0x47FE, 0x8000}},
    {0x8D77, 16, {0x0800, 0x0800, 0x08F8, 0x7E08, 0x0808, 0x0808, 0xFEF8, 0x0888, 0x2880, 0x2880, 0x2E84, 0x2884, 0x287C, 0x5800, 0x4FFE, 0x8000}},
    {0x8D85, 16, {0x0800, 0x09FC, 0x0844, 0x7E44, 0x0844, 0x0894, 0xFF08, 0x08FC, 0x2884, 0x2884, 0x2E84, 0x28FC, 0x2800, 0x5800, 0x4FFE, 0x8000}},
    {0x8D95, 16, {0x0800, 0x087C, 0x0844, 0x7E7C, 0x0844, 0x087C, 0xFF00, 0x087C, 0x2810, 0x2810, 0x2EFE, 0x2810, 0x2810, 0x5810, 0x4FFE, 0x8000}},
    {0x8DB3, 16, {0x0000, 0x1FF0, 0x1010, 0x1010, 0x1010, 0x1010, 0x1FF0, 0x0100, 0x0100, 0x1100, 0x11F8, 0x1100, 0x2900, 0x2500, 0x43FE, 0x8000}},
    {0x8DBE, 16, {0x0020, 0x7C20, 0x4420, 0x4520, 0x4520, 0x7D20, 0x113C, 0x1120, 0x5D20, 0x5120, 0x5120, 0x5120, 0x5D20, 0xE120, 0x07FE, 0x0000}},
    {0x8DD1, 16, {0x0080, 0x7C80, 0x45FC, 0x4504, 0x4604, 0x7DF4, 0x1114, 0x1114, 0x5D14, 0x51F4, 0x5104, 0x5128, 0x5D12, 0xE102, 0x00FE, 0x0000}},
    {0x8DEF, 16, {0x0040, 0x7C40, 0x4478, 0x4488, 0x4550, 0x7C20, 0x1050, 0x1088, 0x1106, 0x5CF8, 0x5088, 0x5088, 0x5088, 0x5C88, 0xE0F8, 0x0088}},
    {0x8E8D, 16, {0x0000, 0x7BDE, 0x4842, 0x4A52, 0x494A, 0x7A52, 0x1090, 0x1108, 0x13FE, 0x5D10, 0x51FE, 0x5110, 0x51FE, 0x5D10, 0xE1FE, 0x0100}},
    {0x8ECA, 16, {0x0100, 0x0100, 0x7FFC, 0x0100, 0x3FF8, 0x2108, 0x2108, 0x3FF8, 0x2108, 0x2108, 0x3FF8, 0x0100, 0xFFFE, 0x0100, 0x0100, 0x0100}},
    {0x8ECD, 16, {0x0000, 0x7FFE, 0x4102, 0x8104, 0x3FF8, 0x0100, 0x1FF0, 0x1110, 0x1FF0, 0x1110, 0x1FF0, 0x0100, 0xFFFE, 0x0100, 0x0100, 0x0100}},
    {0x8ED2, 16, {0x0800, 0x087C, 0x0810, 0xFF10, 0x0810, 0x7F10, 0x4910, 0x7F7E, 0x4910, 0x7F10, 0x0810, 0xFF10, 0x0810, 0x0810, 0x0810, 0x0810}},
    {0x8F03, 16, {0x1040, 0x1020, 0x1020, 0xFDFE, 0x1000, 0x7C88, 0x5504, 0x7E02, 0x5488, 0x7C88, 0x1050, 0xFE50, 0x1020, 0x1050, 0x1088, 0x1306}},
    {0x8F09, 16, {0x0820, 0x7F28, 0x0824, 0xFFFE, 0x0820, 0xFFA0, 0x0824, 0x7F24, 0x4924, 0x7F28, 0x4928, 0x7F10, 0x0812, 0xFFAA, 0x0846, 0x0882}},
    {0x8F0B, 16, {0x0100, 0x4104, 0x7FFC, 0x0200, 0xFFFE, 0x0920, 0x3FF8, 0xC106, 0x1FF0, 0x1110, 0x1FF0, 0x1110, 0x1FF0, 0x0100, 0xFFFE, 0x0100}},
    {0x8F14, 16, {0x1028, 0x1024, 0x13FE, 0xFC20, 0x1020, 0x7DFC, 0x5524, 0x7D24, 0x55FC, 0x7D24, 0x1124, 0xFDFC, 0x1124, 0x1124, 0x1124, 0x110C}},
    {0x8F15, 16, {0x1000, 0x11FE, 0x1000, 0xFE92, 0x1124, 0x7E48, 0x5524, 0x7C92, 0x5400, 0x7DFE, 0x1020, 0xFE20, 0x1020, 0x1020, 0x13FE, 0x1000}},
    {0x8F1D, 16, {0x1000, 0x13FE, 0x9222, 0x5420, 0x5BFE, 0x1020, 0xFDFC, 0x2924, 0x29FC, 0x2924, 0x29FC, 0x2820, 0x2BFE, 0x4C20, 0x4820, 0x8020}},
    {0x8F2A, 16, {0x1020, 0x1020, 0x1050, 0xFE88, 0x1104, 0x7EFA, 0x5400, 0x7DFC, 0x5554, 0x7D54, 0x11FC, 0xFF54, 0x1154, 0x1154, 0x1104, 0x110C}},
    {0x8F2F, 16, {0x1000, 0x10F8, 0x1088, 0xFE88, 0x10F8, 0x7C00, 0x55FE, 0x7C88, 0x54F8, 0x7C88, 0x10F8, 0xFE88, 0x109E, 0x13E8, 0x1008, 0x1008}},
    {0x8F38, 16, {0x2040, 0x20A0, 0x2110, 0xFA08, 0x25F6, 0xF800, 0xABC4, 0xFA54, 0xAA54, 0xFBD4, 0x2254, 0xFA54, 0x23D4, 0x2244, 0x2254, 0x22C8}},
    {0x8F49, 16, {0x1020, 0x13FE, 0x1020, 0xFDFC, 0x1124, 0x7DFC, 0x5524, 0x7DFC, 0x5422, 0x7DFE, 0x1008, 0xFDFE, 0x1108, 0x1088, 0x1028, 0x1010}},
    {0x8FA6, 16, {0x4210, 0x2208, 0x2208, 0xFA3E, 0x0780, 0x5294, 0x2288, 0xFABE, 0x2288, 0x2288, 0x729C, 0x2288, 0x2488, 0x4488, 0x4A88, 0x9108}},
    {0x8FB2, 16, {0x0440, 0x3FF8, 0x2448, 0x3FF8, 0x2448, 0x3FF8, 0x0000, 0x3FFC, 0x2000, 0x2FF8, 0x2000, 0x3FFE, 0x2888, 0x4850, 0x4A30, 0x8C0E}},
    {0x8FCE, 16, {0x0000, 0x2080, 0x133C, 0x1224, 0x0224, 0x0224, 0xF224, 0x1224, 0x1224, 0x12B4, 0x1328, 0x1220, 0x1020, 0x2820, 0x47FE, 0x0000}},
    {0x8FD1, 16, {0x0008, 0x201C, 0x11E0, 0x1100, 0x0100, 0x01FE, 0xF110, 0x1110, 0x1110, 0x1110, 0x1210, 0x1210, 0x1410, 0x2800, 0x47FE, 0x0000}},
    {0x8FD4, 16, {0x0008, 0x203C, 0x13C0, 0x1200, 0x0200, 0x03FC, 0xF204, 0x1288, 0x1250, 0x1220, 0x1250, 0x1488, 0x1504, 0x2800, 0x47FE, 0x0000}},
    {0x8FE6, 16, {0x0400, 0x4400, 0x243C, 0x2FA4, 0x04A4, 0x04A4, 0xE4A4, 0x24A4, 0x24A4, 0x28A4, 0x28BC, 0x32A4, 0x2100, 0x5000, 0x8FFE, 0x0000}},
    {0x8FEA, 16, {0x0040, 0x4040, 0x2040, 0x27FC, 0x0444, 0x0444, 0xE444, 0x27FC, 0x2444, 0x2444, 0x2444, 0x27FC, 0x2000, 0x5000, 0x8FFE, 0x0000}},
    {0x8FF4, 16, {0x0000, 0x23FC, 0x1204, 0x1204, 0x02F4, 0x0294, 0xF294, 0x12F4, 0x1204, 0x1204, 0x13FC, 0x1204, 0x1000, 0x2800, 0x47FE, 0x0000}},
    {0x9019, 16, {0x0080, 0x2040, 0x17FC, 0x1000, 0x03F8, 0x0000, 0xF3F8, 0x1000, 0x13F8, 0x1208, 0x1208, 0x13F8, 0x1208, 0x2800, 0x47FE, 0x0000}},
    {0x901A, 16, {0x0000, 0x47F8, 0x2010, 0x21A0, 0x0040, 0x07FC, 0xE444, 0x2444, 0x27FC, 0x2444, 0x2444, 0x27FC, 0x2444, 0x2454, 0x5408, 0x8FFE}},
    {0x9020, 16, {0x0040, 0x2240, 0x13F8, 0x1440, 0x0040, 0x07FC, 0xF000, 0x1000, 0x13F8, 0x1208, 0x1208, 0x13F8, 0x1208, 0x2800, 0x47FE, 0x0000}},
    {0x9022, 16, {0x0100, 0x21F8, 0x1308, 0x1490, 0x0060, 0x0198, 0xF606, 0x1040, 0x13F8, 0x1040, 0x13F8, 0x1040, 0x17FC, 0x1040, 0x2840, 0x47FE}},
    {0x9023, 16, {0x0040, 0x4040, 0x2FFE, 0x2040, 0x07FC, 0x0444, 0xE7FC, 0x2444, 0x27FC, 0x2040, 0x2FFE, 0x2040, 0x2040, 0x5040, 0x8FFE, 0x0000}},
    {0x9031, 16, {0x0000, 0x47FC, 0x2444, 0x2444, 0x05F4, 0x0444, 0xE7FC, 0x2404, 0x25F4, 0x2514, 0x25F4, 0x2404, 0x280C, 0x5000, 0x8FFE, 0x0000}},
    {0x9032, 16, {0x0140, 0x2120, 0x13FE, 0x1220, 0x0620, 0x0BFC, 0xF220, 0x1220, 0x13FC, 0x1220, 0x1220, 0x13FE, 0x1200, 0x2800, 0x47FE, 0x0000}},
    {0x9038, 16, {0x0100, 0x4100, 0x21F0, 0x2210, 0x0420, 0x0FFC, 0xE444, 0x2444, 0x27FC, 0x20A0, 0x2130, 0x212A, 0x2222, 0x241E, 0x5000, 0x8FFE}},
    {0x903E, 16, {0x0040, 0x40A0, 0x2110, 0x2208, 0x0DF6, 0x0000, 0xE784, 0x24A4, 0x27A4, 0x24A4, 0x27A4, 0x2484, 0x2494, 0x2588, 0x5000, 0x8FFE}},
    {0x904A, 16, {0x0420, 0x4220, 0x2FBE, 0x2440, 0x043C, 0x0784, 0xE488, 0x2488, 0x24FE, 0x2488, 0x2488, 0x2888, 0x29A8, 0x5010, 0x8FFE, 0x0000}},
    {0x904B, 16, {0x0000, 0x27FC, 0x1444, 0x13F8, 0x0040, 0x03F8, 0xF248, 0x13F8, 0x1248, 0x13F8, 0x1040, 0x17FC, 0x1040, 0x2840, 0x47FE, 0x0000}},
    {0x904E, 16, {0x01F8, 0x2108, 0x11E8, 0x1128, 0x0128, 0x03FC, 0xF204, 0x12F4, 0x1294, 0x12F4, 0x1204, 0x1214, 0x1208, 0x2800, 0x47FE, 0x0000}},
    {0x9053, 16, {0x0208, 0x2110, 0x1000, 0x17FC, 0x0080, 0x03F8, 0xF208, 0x13F8, 0x1208, 0x13F8, 0x1208, 0x13F8, 0x1208, 0x2800, 0x47FE, 0x0000}},
    {0x9054, 16, {0x0040, 0x2040, 0x13F8, 0x1040, 0x07FC, 0x0110, 0xF0A0, 0x17FC, 0x1040, 0x13F8, 0x1040, 0x17FC, 0x1040, 0x2840, 0x47FE, 0x0000}},
    {0x905C, 16, {0x0006, 0x4FB8, 0x2090, 0x2120, 0x0244, 0x0278, 0xE310, 0x2E24, 0x227E, 0x2212, 0x2254, 0x2A92, 0x2450, 0x5020, 0x8FFE, 0x0000}},
    {0x9060, 16, {0x0040, 0x2040, 0x13F8, 0x1040, 0x07FC, 0x0000, 0xF3F8, 0x1208, 0x13F8, 0x10C4, 0x11A8, 0x1290, 0x1488, 0x1084, 0x2800, 0x47FE}},
    {0x9069, 16, {0x0080, 0x4040, 0x27FC, 0x2110, 0x00A0, 0x07FC, 0xE444, 0x27FC, 0x2444, 0x25F4, 0x2514, 0x25F4, 0x2404, 0x240C, 0x5000, 0x8FFE}},
    {0x906E, 16, {0x0040, 0x4020, 0x27FE, 0x2400, 0x0488, 0x0488, 0xE7FE, 0x2488, 0x2488, 0x24F8, 0x2800, 0x2AA4, 0x3252, 0x2452, 0x5000, 0x8FFE}},
    {0x9072, 16, {0x07FC, 0x4404, 0x27FC, 0x2420, 0x04A8, 0x0470, 0xE4A8, 0x2504, 0x24A0, 0x24FC, 0x2520, 0x2420, 0x2BFE, 0x2820, 0x5020, 0x8FFE}},
    {0x9078, 16, {0x0F3C, 0x4924, 0x2F3C, 0x28A2, 0x079E, 0x0110, 0xE7FC, 0x2110, 0x2110, 0x2FFE, 0x2110, 0x2208, 0x2404, 0x5000, 0x8FFE, 0x0000}},
    {0x907F, 16, {0x0010, 0x4788, 0x24BE, 0x2480, 0x04A2, 0x0794, 0xE43E, 0x2808, 0x2F88, 0x34BE, 0x2488, 0x2788, 0x2488, 0x5000, 0x8FFE, 0x0000}},
    {0x9081, 16, {0x0110, 0x4FFE, 0x2110, 0x23F8, 0x0248, 0x03F8, 0xE248, 0x23F8, 0x2040, 0x27FC, 0x2454, 0x25F4, 0x2414, 0x240C, 0x5000, 0x8FFE}},
    {0x9084, 16, {0x0000, 0x47FC, 0x24A4, 0x27FC, 0x0000, 0x0FFE, 0xE000, 0x23F8, 0x2208, 0x23F8, 0x2144, 0x2328, 0x2D90, 0x5108, 0x8FFE, 0x0000}},
    {0x908A, 16, {0x0080, 0x47F8, 0x2548, 0x24A8, 0x07F8, 0x0040, 0xEFFC, 0x2A14, 0x2488, 0x2BF4, 0x2100, 0x21F0, 0x2210, 0x2430, 0x5000, 0x8FFE}},
    {0x9091, 16, {0x0000, 0x1FF0, 0x1010, 0x1010, 0x1FF0, 0x0000, 0x3FF8, 0x2108, 0x2108, 0x2108, 0x3FF8, 0x2008, 0x2002, 0x2002, 0x1FFE, 0x0000}},
    {0x90A3, 16, {0x0000, 0x7E7C, 0x1244, 0x1248, 0x1248, 0x7E50, 0x1248, 0x1248, 0x7E44, 0x1244, 0x1244, 0x2268, 0x2250, 0x4A40, 0x8440, 0x0040}},
    {0x90A6, 16, {0x0800, 0x087C, 0x0844, 0xFF48, 0x0848, 0x0850, 0x7E48, 0x0848, 0x0844, 0xFF44, 0x0844, 0x1068, 0x1050, 0x2040, 0x4040, 0x8040}},
    {0x90A8, 16, {0x0800, 0x083E, 0x0822, 0xFFA4, 0x0824, 0x4928, 0x4924, 0x4924, 0x4922, 0x7F22, 0x0822, 0x0834, 0x0928, 0x0A20, 0x0C20, 0x0820}},
    {0x90CA, 16, {0x1000, 0x087C, 0x0044, 0xFF48, 0x0048, 0x2450, 0x4248, 0x8148, 0x2444, 0x1444, 0x0844, 0x1468, 0x2250, 0x4240, 0x8040, 0x0040}},
    {0x90DD, 16, {0x0800, 0x083E, 0x7F22, 0x0824, 0x0824, 0x0828, 0xFFA4, 0x1224, 0x1222, 0x5322, 0x52A2, 0x92B4, 0x2228, 0x2220, 0x4A20, 0x8420}},
    {0x90E8, 16, {0x1000, 0x083E, 0x7FA2, 0x0024, 0x2124, 0x1228, 0xFFE4, 0x0024, 0x0022, 0x3F22, 0x2122, 0x2134, 0x2128, 0x3F20, 0x2120, 0x0020}},
    {0x90F5, 16, {0x0200, 0x0F3E, 0x7822, 0x0824, 0xFFA4, 0x2A28, 0x2A24, 0xFFA4, 0x2A22, 0x2A22, 0xFFA2, 0x0834, 0x0828, 0x0F20, 0xF020, 0x4020}},
    {0x90FD, 16, {0x0800, 0x08BE, 0x7EA2, 0x0924, 0x0A24, 0xFFE8, 0x0824, 0x1024, 0x3F22, 0x6122, 0xA122, 0x3F34, 0x2128, 0x2120, 0x3F20, 0x2120}},
    {0x9109, 16, {0x2100, 0x209E, 0x23D2, 0x4A52, 0x4A54, 0xF3D4, 0x1258, 0x2254, 0x4BD2, 0xFA12, 0x0A92, 0x125A, 0x12D4, 0x2350, 0x4210, 0x8010}},
    {0x912D, 16, {0x2200, 0x147C, 0xFF44, 0x1448, 0x7F48, 0x5550, 0x6348, 0x5D48, 0x4144, 0x7F44, 0x0844, 0xFF68, 0x1450, 0x2240, 0x4140, 0x8040}},
    {0x9130, 16, {0x0800, 0x493E, 0x2A22, 0xFFA4, 0x2A24, 0x4928, 0x88A4, 0x4124, 0x4122, 0x77A2, 0x9122, 0x5534, 0x27A8, 0x4120, 0x8120, 0x0120}},
    {0x914D, 16, {0x0000, 0xFE00, 0x28F8, 0x2808, 0xFE08, 0xAA08, 0xAA08, 0xAAF8, 0xAE88, 0xC280, 0x8280, 0xFE80, 0x8282, 0x8282, 0xFE7E, 0x8200}},
    {0x9152, 16, {0x0000, 0x4FFE, 0x20A0, 0x20A0, 0x07FC, 0x84A4, 0x44A4, 0x54A4, 0x151C, 0x2604, 0xE404, 0x27FC, 0x2404, 0x2404, 0x27FC, 0x0404}},
    {0x9177, 16, {0x0010, 0xFE50, 0x2850, 0x287C, 0xFE50, 0xAA90, 0xAA10, 0xAAFE, 0xAE00, 0xC200, 0x827C, 0xFE44, 0x8244, 0x8244, 0xFE7C, 0x8244}},
    {0x9192, 16, {0x0000, 0xFE7C, 0x2844, 0x287C, 0xFE44, 0xAA7C, 0xAA10, 0xAA50, 0xAE7C, 0xC290, 0x8210, 0xFE7C, 0x8210, 0x8210, 0xFEFE, 0x8200}},
    {0x91AB, 16, {0x7F78, 0x4848, 0x5E86, 0x6478, 0x5F48, 0x4A30, 0x7F48, 0x0084, 0xFFFE, 0x0440, 0x3FF8, 0x2848, 0x3038, 0x27C8, 0x2008, 0x3FF8}},
    {0x91C6, 16, {0x0010, 0x00F8, 0x3F00, 0x0100, 0x1110, 0x0910, 0x0920, 0x0100, 0x7FFC, 0x0380, 0x0540, 0x0920, 0x1110, 0x2108, 0xC106, 0x0100}},
    {0x91C7, 16, {0x0010, 0x00F8, 0x3F00, 0x0200, 0x1110, 0x0910, 0x0820, 0x0100, 0x7FFC, 0x0380, 0x0540, 0x0920, 0x1110, 0x2108, 0xC106, 0x0100}},
    {0x91CC, 16, {0x0000, 0x3FF8, 0x2108, 0x2108, 0x3FF8, 0x2108, 0x2108, 0x3FF8, 0x0100, 0x0100, 0x3FF8, 0x0100, 0x0100, 0x0100, 0xFFFE, 0x0000}},
    {0x91CD, 16, {0x0010, 0x00F8, 0x3F00, 0x0100, 0xFFFE, 0x0100, 0x1FF0, 0x1110, 0x1FF0, 0x1110, 0x1FF0, 0x0100, 0x3FF8, 0x0100, 0xFFFE, 0x0000}},
    {0x91CE, 16, {0x0000, 0x7F7C, 0x4904, 0x4928, 0x7F10, 0x4908, 0x497E, 0x7F12, 0x0814, 0x0810, 0x7F10, 0x0810, 0x0810, 0x0F10, 0xF050, 0x4020}},
    {0x91CF, 16, {0x0000, 0x1FF0, 0x1010, 0x1FF0, 0x1010, 0xFFFE, 0x0000, 0x1FF0, 0x1110, 0x1FF0, 0x1110, 0x1FF0, 0x0100, 0x1FF0, 0x0100, 0x7FFC}},
    {0x91D1, 16, {0x0100, 0x0100, 0x0280, 0x0440, 0x0820, 0x1010, 0x2FE8, 0xC106, 0x0100, 0x3FF8, 0x0100, 0x1110, 0x0910, 0x0920, 0xFFFE, 0x0000}},
    {0x91D7, 16, {0x1004, 0x1004, 0x2804, 0x2444, 0x4244, 0xBC44, 0x1044, 0x1044, 0xFE44, 0x1044, 0x9444, 0x5804, 0x5004, 0x1E04, 0xF014, 0x4008}},
    {0x91DD, 16, {0x1020, 0x1020, 0x2820, 0x2420, 0x4220, 0xBC20, 0x13FE, 0x1020, 0xFE20, 0x1020, 0x9420, 0x5820, 0x5020, 0x1E20, 0xF020, 0x4020}},
    {0x9280, 16, {0x1000, 0x11F8, 0x2908, 0x2508, 0x41F8, 0xB908, 0x1108, 0x11F8, 0xFD44, 0x1148, 0x9530, 0x5920, 0x5110, 0x1D48, 0xE186, 0x4100}},
    {0x9285, 16, {0x1000, 0x11FC, 0x2904, 0x2504, 0x4174, 0xB904, 0x1104, 0x1174, 0xFD54, 0x1154, 0x9554, 0x5974, 0x5104, 0x1D04, 0xE114, 0x4108}},
    {0x9298, 16, {0x1040, 0x1040, 0x28FC, 0x2504, 0x4288, 0xB850, 0x1020, 0x1040, 0xFC80, 0x11FC, 0x9684, 0x5884, 0x5084, 0x1C84, 0xE0FC, 0x4084}},
    {0x9304, 16, {0x1080, 0x10F8, 0x2888, 0x2508, 0x41F0, 0xB810, 0x1010, 0x13FE, 0xFC20, 0x1222, 0x9574, 0x58A8, 0x5124, 0x1E22, 0xE0A0, 0x4040}},
    {0x9322, 16, {0x1048, 0x1044, 0x285E, 0x25E0, 0x4228, 0xBC12, 0x106A, 0x1196, 0xFE48, 0x105E, 0x95E0, 0x5824, 0x5028, 0x1E12, 0xF06A, 0x4186}},
    {0x9326, 16, {0x1020, 0x1040, 0x28FC, 0x2484, 0x40FC, 0xB884, 0x10FC, 0x1020, 0xFC20, 0x11FE, 0x9522, 0x5922, 0x512A, 0x1D24, 0xE020, 0x4020}},
    {0x932F, 16, {0x1048, 0x1048, 0x2848, 0x25FE, 0x4248, 0xBC48, 0x11FE, 0x1000, 0xFEFC, 0x1084, 0x9484, 0x58FC, 0x5084, 0x1E84, 0xF0FC, 0x4084}},
    {0x9375, 16, {0x2010, 0x2010, 0x577C, 0x4914, 0x81FE, 0x7214, 0x227C, 0x2710, 0xF17C, 0x2510, 0xA5FE, 0x7210, 0x2210, 0x3500, 0xC8FE, 0x0000}},
    {0x937E, 16, {0x1008, 0x103C, 0x29E0, 0x2420, 0x43FE, 0xB820, 0x11FC, 0x1124, 0xFDFC, 0x1124, 0x95FC, 0x5820, 0x51FC, 0x1C20, 0xE3FE, 0x4000}},
    {0x9418, 16, {0x1020, 0x11FC, 0x2888, 0x2450, 0x43FE, 0xB800, 0x11FC, 0x1124, 0xFDFC, 0x1124, 0x95FC, 0x5820, 0x51FC, 0x1C20, 0xE3FE, 0x4000}},
    {0x9435, 16, {0x208C, 0x23EA, 0x5088, 0x4BFE, 0x8008, 0x7BE8, 0x222A, 0x23EA, 0xF80A, 0x23EC, 0x288C, 0xB3EC, 0x608A, 0x38EA, 0xE396, 0x0022}},
    {0x9438, 16, {0x1000, 0x11FC, 0x2954, 0x25FC, 0x4020, 0xB9FC, 0x1020, 0x13FE, 0xFC88, 0x1050, 0x95FC, 0x5820, 0x53FE, 0x1C20, 0xE020, 0x4020}},
    {0x947C, 16, {0x2000, 0x23FE, 0x5252, 0x4A52, 0x83FE, 0x7108, 0x2154, 0x225E, 0xF7B4, 0x211E, 0xA254, 0x77DE, 0x2014, 0x3554, 0xC55E, 0x0010}},
    {0x947D, 16, {0x2528, 0x27BE, 0x2948, 0x57BE, 0x8B18, 0x75AA, 0x2946, 0x23FC, 0xFA04, 0x23FC, 0x2A04, 0xB3FC, 0x6204, 0x3BFC, 0xE108, 0x0204}},
    {0x9577, 16, {0x0000, 0x0FF8, 0x0800, 0x0FF0, 0x0800, 0x0FF0, 0x0800, 0xFFFE, 0x1200, 0x1110, 0x10A0, 0x1040, 0x1220, 0x1418, 0x1806, 0x1000}},
    {0x9580, 16, {0x0000, 0x3E7C, 0x2244, 0x2244, 0x3E7C, 0x2244, 0x2244, 0x3E7C, 0x2004, 0x2004, 0x2004, 0x2004, 0x2004, 0x2004, 0x2014, 0x2008}},
    {0x9589, 16, {0x0000, 0x7C7C, 0x4444, 0x7C7C, 0x4444, 0x7C7C, 0x4084, 0x4084, 0x4FF4, 0x4184, 0x4284, 0x4484, 0x4884, 0x4284, 0x4114, 0x4008}},
    {0x958B, 16, {0x0000, 0x7CF8, 0x4488, 0x7CF8, 0x4488, 0x7CF8, 0x4008, 0x4FC8, 0x4488, 0x4488, 0x5FE8, 0x4488, 0x4488, 0x4888, 0x50A8, 0x4010}},
    {0x9593, 16, {0x0000, 0x7CF8, 0x4488, 0x7CF8, 0x4488, 0x7CF8, 0x4008, 0x4FC8, 0x4848, 0x4FC8, 0x4848, 0x4FC8, 0x4848, 0x4008, 0x4028, 0x4010}},
    {0x9598, 16, {0x7C7C, 0x4444, 0x7C7C, 0x4444, 0x7C7C, 0x4004, 0x4FE4, 0x4924, 0x4FE4, 0x4924, 0x4FE4, 0x4924, 0x4104, 0x4104, 0x4014, 0x4008}},
    {0x95A3, 16, {0x7C7C, 0x4444, 0x7C7C, 0x4444, 0x7C7C, 0x4204, 0x47E4, 0x4824, 0x5444, 0x4384, 0x4C64, 0x701C, 0x47C4, 0x4444, 0x4454, 0x47C8}},
    {0x95DC, 16, {0x7C7C, 0x4444, 0x7C7C, 0x4444, 0x7C7C, 0x4844, 0x5294, 0x5CE4, 0x4A54, 0x5EF4, 0x4284, 0x5294, 0x5EF4, 0x4284, 0x4494, 0x4888}},
    {0x9632, 16, {0x0040, 0x7C20, 0x4420, 0x4BFE, 0x4880, 0x5080, 0x4880, 0x48FC, 0x4484, 0x4484, 0x4484, 0x6884, 0x5104, 0x4104, 0x4228, 0x4410}},
    {0x963F, 16, {0x0000, 0x7DFE, 0x4408, 0x4808, 0x49E8, 0x5128, 0x4928, 0x4928, 0x4528, 0x4528, 0x45E8, 0x6928, 0x5008, 0x4008, 0x4028, 0x4010}},
    {0x9640, 16, {0x0040, 0x7C20, 0x4420, 0x49FE, 0x4902, 0x5204, 0x4900, 0x4908, 0x4510, 0x4520, 0x45C0, 0x6904, 0x5104, 0x4104, 0x40FC, 0x4000}},
    {0x9644, 16, {0x0088, 0x7C88, 0x4488, 0x4908, 0x497E, 0x5308, 0x4D08, 0x4948, 0x4528, 0x4528, 0x4508, 0x6908, 0x5108, 0x4108, 0x4128, 0x4110}},
    {0x9650, 16, {0x0000, 0x7BF8, 0x4A08, 0x5208, 0x53F8, 0x6208, 0x5208, 0x4BF8, 0x4A44, 0x4A48, 0x6A30, 0x5220, 0x4210, 0x4288, 0x4306, 0x4200}},
    {0x965E, 16, {0x0028, 0x7DC8, 0x4488, 0x4888, 0x4BFE, 0x5088, 0x4888, 0x4908, 0x4628, 0x4420, 0x45FC, 0x6820, 0x5020, 0x4020, 0x43FE, 0x4000}},
    {0x9662, 16, {0x0040, 0x7820, 0x4BFE, 0x5202, 0x5404, 0x61F8, 0x5000, 0x4800, 0x4BFE, 0x4890, 0x6890, 0x5090, 0x4112, 0x4112, 0x420E, 0x4400}},
    {0x9663, 16, {0x0020, 0x7C20, 0x45FE, 0x4820, 0x49FC, 0x5124, 0x4924, 0x49FC, 0x4524, 0x4524, 0x45FC, 0x6820, 0x53FE, 0x4020, 0x4020, 0x4020}},
    {0x9673, 16, {0x0040, 0x7840, 0x4FFC, 0x5040, 0x53F8, 0x6248, 0x53F8, 0x4A48, 0x4BF8, 0x4840, 0x68E0, 0x5150, 0x4248, 0x4C46, 0x4040, 0x4040}},
    {0x967D, 16, {0x0000, 0x7CFC, 0x4484, 0x48FC, 0x4884, 0x50FC, 0x4800, 0x49FE, 0x4480, 0x44FE, 0x452A, 0x6A4A, 0x5092, 0x4122, 0x4054, 0x4088}},
    {0x9686, 16, {0x0080, 0x79F8, 0x4A08, 0x5510, 0x50E0, 0x6318, 0x5C06, 0x4BF8, 0x4840, 0x4A40, 0x6BFC, 0x5440, 0x43F8, 0x4040, 0x4FFE, 0x4000}},
    {0x968A, 16, {0x0104, 0x7888, 0x4800, 0x53FE, 0x5040, 0x60C2, 0x5122, 0x4A54, 0x4898, 0x4938, 0x6A54, 0x5094, 0x4112, 0x4610, 0x4050, 0x4020}},
    {0x969B, 16, {0x0100, 0x7910, 0x4BDC, 0x5254, 0x5554, 0x6288, 0x5108, 0x4AF4, 0x4C02, 0x4800, 0x6BFC, 0x5040, 0x4150, 0x4248, 0x4544, 0x4080}},
    {0x96A7, 16, {0x0088, 0x7C48, 0x4A50, 0x50FC, 0x5020, 0x6050, 0x5694, 0x4A38, 0x4A50, 0x4A98, 0x6A34, 0x5254, 0x4290, 0x4220, 0x45FE, 0x4800}},
    {0x96AA, 16, {0x0020, 0x7C20, 0x4450, 0x4888, 0x4904, 0x52FA, 0x4800, 0x4800, 0x45DC, 0x4554, 0x4554, 0x69DC, 0x5088, 0x4088, 0x4154, 0x4222}},
    {0x96B4, 16, {0x0110, 0x7890, 0x4BDE, 0x4810, 0x525E, 0x5182, 0x63DE, 0x5010, 0x4BDE, 0x4A50, 0x4BDE, 0x6A50, 0x53DE, 0x4250, 0x4252, 0x42CE}},
    {0x96C0, 16, {0x0100, 0x1110, 0x1108, 0x2124, 0x40C0, 0x0300, 0x0C80, 0x3040, 0xDFFC, 0x1080, 0x1FF8, 0x1080, 0x1FF8, 0x1080, 0x1FFC, 0x1000}},
    {0x96C5, 16, {0x0050, 0x7E48, 0x0480, 0x24FE, 0x2590, 0x2690, 0x44FC, 0x7F90, 0x0C90, 0x14FC, 0x1490, 0x2490, 0x4490, 0x84FE, 0x1480, 0x0880}},
    {0x96C6, 16, {0x0900, 0x0880, 0x1FFC, 0x3080, 0x5FF8, 0x9080, 0x1FF8, 0x1080, 0x1FFC, 0x1100, 0xFFFE, 0x0540, 0x0920, 0x3118, 0xC106, 0x0100}},
    {0x96CD, 16, {0x0200, 0x0100, 0xFFFE, 0x1050, 0x1048, 0x24FE, 0x4590, 0x7A90, 0x10FC, 0x2490, 0x4490, 0x78FC, 0x0890, 0x1090, 0x20FE, 0xC080}},
    {0x96E2, 16, {0x1028, 0x0824, 0x7F40, 0x147E, 0x49C8, 0x5548, 0x417E, 0x7F48, 0x0848, 0x7F7E, 0x5148, 0x5548, 0x5D48, 0x417E, 0x4540, 0x4240}},
    {0x96E3, 16, {0x2228, 0x2224, 0xFF40, 0x227E, 0x3EC8, 0x0948, 0x7F7E, 0x4948, 0x7F48, 0x087E, 0x7F48, 0x0848, 0xFF48, 0x147E, 0x2240, 0x4140}},
    {0x96E8, 16, {0x0000, 0xFFFE, 0x0100, 0x0100, 0x0100, 0x7FFC, 0x4104, 0x4104, 0x4944, 0x4524, 0x4104, 0x4944, 0x4524, 0x4104, 0x4114, 0x4008}},
    {0x96EA, 16, {0x3FF8, 0x0100, 0x7FFE, 0x4102, 0x9D74, 0x0100, 0x1D70, 0x0000, 0x3FF8, 0x0008, 0x0008, 0x1FF8, 0x0008, 0x0008, 0x3FF8, 0x0008}},
    {0x96F2, 16, {0x3FF8, 0x0100, 0x7FFE, 0x4102, 0x9D74, 0x0100, 0x1D70, 0x0000, 0x3FF8, 0x0000, 0x0000, 0xFFFE, 0x0820, 0x1010, 0x3FF8, 0x0008}},
    {0x96F7, 16, {0x0000, 0x3FF8, 0x0100, 0x7FFE, 0x4102, 0x9D74, 0x0100, 0x1D70, 0x0000, 0x3FF8, 0x2108, 0x2108, 0x3FF8, 0x2108, 0x2108, 0x3FF8}},
    {0x96FB, 16, {0x3FF8, 0x0100, 0x7FFE, 0x4102, 0x9D74, 0x0100, 0x1D70, 0x0000, 0x3FF8, 0x2108, 0x3FF8, 0x2108, 0x3FF8, 0x0102, 0x0102, 0x00FE}},
    {0x9700, 16, {0x0000, 0x3FF8, 0x0100, 0x7FFE, 0x4102, 0x9D74, 0x0100, 0x1D70, 0x0000, 0xFFFE, 0x0200, 0x3FF8, 0x2488, 0x2488, 0x24A8, 0x2010}},
    {0x9716, 16, {0x3FF8, 0x0100, 0x7FFE, 0x4102, 0x9D74, 0x0100, 0x1D70, 0x0820, 0x0820, 0x7EFC, 0x0830, 0x1C68, 0x2AA4, 0xC922, 0x0820, 0x0820}},
    {0x971E, 16, {0x3FF8, 0x0100, 0x7FFE, 0x4102, 0x9D74, 0x0100, 0x1D70, 0x0000, 0x3EF8, 0x2208, 0x3EF8, 0x2000, 0x3EF8, 0x2048, 0x3E30, 0x20CC}},
    {0x9727, 16, {0x3FF8, 0x0100, 0x7FFE, 0x4102, 0x9D74, 0x0000, 0x0040, 0x7EFC, 0x1544, 0x0838, 0xFE44, 0x1AA2, 0x2CFC, 0x4844, 0xA894, 0x1108}},
    {0x9732, 16, {0x3FF8, 0x0100, 0x7FFE, 0x4102, 0x9D74, 0x0100, 0x1D70, 0x0040, 0x7CF8, 0x4548, 0x7C30, 0x11CE, 0x5C00, 0x50F8, 0x5C88, 0xE0F8}},
    {0x9748, 16, {0x3FF8, 0x0100, 0x7FFE, 0x4102, 0x9D74, 0x0100, 0x1D70, 0x0000, 0x3BB8, 0x2AA8, 0x3BB8, 0x0000, 0x7FFC, 0x1110, 0x2928, 0xFFFE}},
    {0x9752, 16, {0x0100, 0x0100, 0x7FFC, 0x0100, 0x3FF8, 0x0100, 0xFFFE, 0x0000, 0x1FF0, 0x1010, 0x1FF0, 0x1010, 0x1FF0, 0x1010, 0x1050, 0x1020}},
    {0x9756, 16, {0x2020, 0x1020, 0x13FE, 0xFC20, 0x01FC, 0x0820, 0x8BFE, 0x8800, 0x49FC, 0x4904, 0x51FC, 0x5104, 0x1DFC, 0xE104, 0x4114, 0x0108}},
    {0x975C, 16, {0x101E, 0x11E0, 0xFE92, 0x104C, 0x7C00, 0x10FC, 0xFE24, 0x0024, 0x7DFE, 0x4424, 0x7C24, 0x44FC, 0x7C24, 0x4420, 0x54A0, 0x4840}},
    {0x975E, 16, {0x0440, 0x0440, 0x0440, 0xFC7E, 0x0440, 0x0440, 0x0440, 0x7C7C, 0x0440, 0x0440, 0x0440, 0x0440, 0xFC7E, 0x0440, 0x0440, 0x0440}},
    {0x9760, 16, {0x1100, 0x1FF0, 0x2100, 0xFFFE, 0x0000, 0x1FF0, 0x1010, 0x1FF0, 0x0440, 0x7C7C, 0x0440, 0x3C78, 0x0440, 0x7C7C, 0x0440, 0x0440}},
    {0x9762, 16, {0x0000, 0xFFFE, 0x0200, 0x0200, 0x0400, 0x3FF8, 0x2448, 0x2448, 0x27C8, 0x2448, 0x2448, 0x27C8, 0x2448, 0x2448, 0x3FF8, 0x2008}},
    {0x9776, 16, {0x2800, 0x29FC, 0xFD24, 0x2924, 0x3924, 0x1124, 0x7D24, 0x55FC, 0x5504, 0x7D00, 0x1100, 0xFD00, 0x1102, 0x1102, 0x10FE, 0x1000}},
    {0x978D, 16, {0x2840, 0x2820, 0xFC20, 0x2BFE, 0x3A02, 0x1444, 0x7C40, 0x57FE, 0x5488, 0x7C88, 0x1108, 0xFCD0, 0x1020, 0x1050, 0x1088, 0x1304}},
    {0x97CC, 16, {0x1000, 0x1000, 0x7EFE, 0x2212, 0xFF12, 0x0052, 0x7E52, 0x4252, 0x7E92, 0x0812, 0x7E12, 0x0822, 0x4822, 0x7E42, 0x088A, 0x0904}},
    {0x97F3, 16, {0x0200, 0x0100, 0x3FF8, 0x0000, 0x0820, 0x0440, 0xFFFE, 0x0000, 0x1FF0, 0x1010, 0x1010, 0x1FF0, 0x1010, 0x1010, 0x1FF0, 0x1010}},
    {0x97FB, 16, {0x2000, 0x107C, 0x7C44, 0x0044, 0x447C, 0x2800, 0xFEFE, 0x0082, 0x7CFE, 0x4482, 0x44FE, 0x7C82, 0x44FE, 0x4428, 0x7C44, 0x4482}},
    {0x97FF, 16, {0x1100, 0x23DE, 0x7A52, 0x13D4, 0x2A52, 0x7BDA, 0x1294, 0x2350, 0x0100, 0x3FF8, 0x0440, 0xFFFE, 0x1010, 0x1FF0, 0x1010, 0x1FF0}},
    {0x9801, 16, {0x0000, 0x7FFE, 0x0200, 0x0400, 0x1FF8, 0x1008, 0x1008, 0x1FF8, 0x1008, 0x1FF8, 0x1008, 0x1008, 0x1FF8, 0x0810, 0x1008, 0x2004}},
    {0x9805, 16, {0x0000, 0x01FE, 0x0020, 0xFC40, 0x11FC, 0x1104, 0x1104, 0x11FC, 0x1104, 0x11FC, 0x1104, 0x1D04, 0xE1FC, 0x4088, 0x0104, 0x0202}},
    {0x9806, 16, {0x0400, 0x45FE, 0x5420, 0x5440, 0x55FC, 0x5504, 0x5504, 0x55FC, 0x5504, 0x55FC, 0x5504, 0x5504, 0x55FC, 0x5488, 0x8504, 0x0602}},
    {0x9808, 16, {0x0800, 0x09FE, 0x1020, 0x2040, 0x41FC, 0x8904, 0x0904, 0x11FC, 0x2104, 0x45FC, 0x8504, 0x0904, 0x11FC, 0x2088, 0x4104, 0x8202}},
    {0x980C, 16, {0x0000, 0x28FE, 0x2410, 0x2420, 0x42FC, 0x5284, 0x9084, 0x10FC, 0x2084, 0x20FC, 0x4884, 0x4484, 0xFCFC, 0x4448, 0x0084, 0x0102}},
    {0x9810, 16, {0x0000, 0x7CFE, 0x0410, 0x2820, 0x10FC, 0x0884, 0xFE84, 0x12FC, 0x1484, 0x10FC, 0x1084, 0x1084, 0x10FC, 0x1048, 0x5084, 0x2102}},
    {0x9813, 16, {0x1000, 0x11FE, 0x1020, 0xFE40, 0x11FC, 0x5504, 0x5504, 0x55FC, 0x5504, 0x7DFC, 0x1104, 0x1104, 0x15FC, 0x1888, 0x1104, 0x0202}},
    {0x9818, 16, {0x1000, 0x11FE, 0x2820, 0x2440, 0x43FC, 0x9104, 0x0904, 0x01FC, 0xFD04, 0x05FC, 0x0904, 0x5104, 0x21FC, 0x1088, 0x1104, 0x0202}},
    {0x9824, 16, {0x0000, 0x7DFE, 0x4820, 0x4840, 0x49FC, 0x5D04, 0x5504, 0x55FC, 0x5504, 0x5DFC, 0x4904, 0x4904, 0x49FC, 0x7E88, 0x0104, 0x0202}},
    {0x982D, 16, {0x0000, 0xFEFE, 0x0020, 0x0040, 0x7CFC, 0x4484, 0x4484, 0x44FC, 0x7C84, 0x00FC, 0x4484, 0x2884, 0x2EFC, 0xF000, 0x4048, 0x0084}},
    {0x984D, 16, {0x2000, 0x10FE, 0xFE10, 0x8220, 0x20FC, 0x3C84, 0x4484, 0xA8FC, 0x1084, 0x28FC, 0x4484, 0xFE84, 0x44FC, 0x4448, 0x7C84, 0x4502}},
    {0x984F, 16, {0x1000, 0x08FE, 0x7F10, 0x2220, 0x1CFC, 0x2284, 0x7F84, 0x44FC, 0x4884, 0x72FC, 0x4484, 0x4884, 0x71FC, 0x4248, 0x8C84, 0x7102}},
    {0x9858, 16, {0x0000, 0x7F7E, 0x4410, 0x4820, 0x5F7C, 0x5144, 0x5F44, 0x517C, 0x5F44, 0x447C, 0x5644, 0x5544, 0x657C, 0x4500, 0x9428, 0x0844}},
    {0x985E, 16, {0x1000, 0x92FE, 0x5410, 0xFE20, 0x30FC, 0x5484, 0x9284, 0x00FC, 0x1484, 0x12FC, 0xFE84, 0x1084, 0x28FC, 0x2448, 0x4484, 0x8102}},
    {0x986F, 16, {0x0000, 0xFEFE, 0x8210, 0xFE20, 0x82FC, 0xFE84, 0x4484, 0xAAFC, 0xEE84, 0x44FC, 0xAA84, 0xEE84, 0x00FC, 0xAA48, 0xAA84, 0x0102}},
    {0x98A8, 16, {0x0000, 0x3FF8, 0x2008, 0x20E8, 0x2F08, 0x2108, 0x2FE8, 0x2928, 0x2928, 0x2FE8, 0x2908, 0x214A, 0x21EA, 0x5E2A, 0x4806, 0x8002}},
    {0x98DB, 16, {0x0000, 0x7FE0, 0x0024, 0x0A28, 0x7224, 0x1220, 0x1212, 0x120A, 0xFFC6, 0x1248, 0x1250, 0x1248, 0x2240, 0x2224, 0x4214, 0x820C}},
    {0x98DF, 16, {0x0100, 0x0280, 0x0440, 0x0A20, 0x3118, 0xDFF6, 0x1010, 0x1FF0, 0x1010, 0x1FF0, 0x1008, 0x1190, 0x1060, 0x1210, 0x1408, 0x1804}},
    {0x98F2, 16, {0x1040, 0x1040, 0x2840, 0x247C, 0x5284, 0xFC88, 0x4520, 0x7C20, 0x4420, 0x7C50, 0x4050, 0x5050, 0x4888, 0x5488, 0x6504, 0x4202}},
    {0x990A, 16, {0x0820, 0x0440, 0x7FFC, 0x0100, 0x3FF8, 0x0400, 0xFFFE, 0x1110, 0x2FE8, 0xC826, 0x0FE0, 0x0820, 0x0FE8, 0x08D0, 0x0A30, 0x0C08}},
    {0x9910, 16, {0x0800, 0x0F78, 0x2808, 0x7F28, 0xA110, 0x1728, 0x3AC4, 0xCD60, 0x3FF8, 0xC826, 0x0FE0, 0x0820, 0x0FE8, 0x08D0, 0x0A30, 0x0C08}},
    {0x9918, 16, {0x0810, 0x0810, 0x1428, 0x1228, 0x2944, 0x7EBA, 0xA210, 0x3E10, 0x22FE, 0x3E10, 0x2058, 0x2854, 0x2492, 0x2B12, 0x3250, 0x2020}},
    {0x9928, 16, {0x0820, 0x0810, 0x14FE, 0x1282, 0x2904, 0x7E7C, 0xA244, 0x3E44, 0x227C, 0x3E40, 0x2040, 0x287E, 0x2442, 0x2A42, 0x327E, 0x2042}},
    {0x9952, 16, {0x1020, 0x1020, 0x29FC, 0x2420, 0x53FE, 0xF908, 0x4B9C, 0x7908, 0x4988, 0x7E3E, 0x4000, 0x53FE, 0x4890, 0x5890, 0x6912, 0x420E}},
    {0x9996, 16, {0x1010, 0x0820, 0xFFFE, 0x0200, 0x0400, 0x3FF8, 0x2008, 0x2008, 0x3FF8, 0x2008, 0x2008, 0x3FF8, 0x2008, 0x2008, 0x3FF8, 0x2008}},
    {0x9999, 16, {0x0070, 0x1F80, 0x0100, 0x0100, 0xFFFE, 0x0540, 0x0920, 0x3118, 0xDFF6, 0x1010, 0x1010, 0x1FF0, 0x1010, 0x1010, 0x1FF0, 0x1010}},
    {0x99A5, 16, {0x0440, 0x7840, 0x10FE, 0xFE80, 0x11FC, 0x3A84, 0x54FC, 0x9084, 0x7CFC, 0x4440, 0x447C, 0x7CC4, 0x4528, 0x4410, 0x7C68, 0x4586}},
    {0x99AC, 16, {0x0000, 0x3FF8, 0x2100, 0x3FF0, 0x2100, 0x3FF0, 0x2100, 0x2100, 0x3FF8, 0x0008, 0x1248, 0x4928, 0x4928, 0x8008, 0x0050, 0x0020}},
    {0x99D5, 16, {0x1000, 0x1000, 0x7E7C, 0x1244, 0x2244, 0x2A7C, 0x4400, 0x9FF0, 0x1100, 0x1FF0, 0x1100, 0x1FF0, 0x1100, 0x1FFC, 0x2A44, 0x492C}},
    {0x99DB, 16, {0x0010, 0x7E10, 0x4810, 0x7EFE, 0x4892, 0x7E92, 0x4892, 0x48FE, 0x7E92, 0x0210, 0xAA90, 0xAA60, 0xAA20, 0x8250, 0x1488, 0x0906}},
    {0x99FF, 16, {0x0010, 0x7E10, 0x4820, 0x7E44, 0x48FE, 0x7E28, 0x4844, 0x48A2, 0x7E3C, 0x0244, 0xAA44, 0xAAA8, 0xAA10, 0x8228, 0x1444, 0x0882}},
    {0x9A30, 16, {0x0124, 0x78A8, 0x49FC, 0x4840, 0x4BFE, 0x7908, 0x4BFC, 0x4D22, 0x49FC, 0x7920, 0x49FC, 0x4920, 0x49FE, 0x4802, 0x4AAA, 0x9804}},
    {0x9A57, 16, {0x0020, 0x7C20, 0x5050, 0x7C88, 0x5104, 0x7EFA, 0x5000, 0x5000, 0x7DDC, 0x0554, 0x5554, 0x55DC, 0x5488, 0x8488, 0x1554, 0x0A22}},
    {0x9A5F, 16, {0x03F0, 0x7D2E, 0x51E2, 0x7D2A, 0x51E4, 0x7D34, 0x53EA, 0x5032, 0x7C1E, 0x07E0, 0x54A2, 0x5534, 0x5468, 0x84A4, 0x1722, 0x0820}},
    {0x9AD4, 16, {0x0050, 0x7DFC, 0x4554, 0x75FC, 0x5554, 0xFFFC, 0x8200, 0x7DFC, 0x4400, 0x7DFC, 0x4504, 0x7DFC, 0x4488, 0x4450, 0x57FE, 0x4800}},
    {0x9AD8, 16, {0x0200, 0x0100, 0xFFFE, 0x0000, 0x0FE0, 0x0820, 0x0820, 0x0FE0, 0x0000, 0x7FFC, 0x4004, 0x4FE4, 0x4824, 0x4824, 0x4FE4, 0x400C}},
    {0x9B5A, 16, {0x0400, 0x0400, 0x0FE0, 0x1020, 0x2040, 0x7FF8, 0xA108, 0x2108, 0x3FF8, 0x2108, 0x2108, 0x3FF8, 0x0000, 0x4888, 0x4444, 0x8444}},
    {0x9BC9, 16, {0x2000, 0x21FC, 0x7924, 0x4924, 0x91FC, 0x7D24, 0x5524, 0x55FC, 0x7C20, 0x5420, 0x55FC, 0x7C20, 0x0020, 0xAA20, 0xABFE, 0x0000}},
    {0x9BFD, 16, {0x2000, 0x20EE, 0x7CAA, 0x44AA, 0x88AA, 0x7EEA, 0x52AA, 0x52AA, 0x7EEA, 0x528A, 0x52CA, 0x7EAE, 0x00D8, 0xAA88, 0xAA08, 0x0008}},
    {0x9C02, 16, {0x2002, 0x21E2, 0x7922, 0x492A, 0x91EA, 0x7D2A, 0x552A, 0x55EA, 0x7D2A, 0x552A, 0x55EA, 0x7C02, 0x00C2, 0xAAA2, 0xAB2A, 0x0204}},
    {0x9C72, 16, {0x2124, 0x2248, 0x7124, 0x9000, 0x23FC, 0xFA94, 0xAA64, 0xAA94, 0xFBFC, 0xAA48, 0xAB68, 0xFA48, 0x036A, 0xAA4A, 0xAA46, 0x0362}},
    {0x9CF3, 16, {0x3FF8, 0x2008, 0x2FE8, 0x2208, 0x2FE8, 0x2828, 0x2FE8, 0x2828, 0x2FE8, 0x2808, 0x2FF8, 0x2808, 0x2FFA, 0x401A, 0x5556, 0x8032}},
    {0x9CF4, 16, {0x0040, 0x0080, 0x79FC, 0x4904, 0x49FC, 0x4904, 0x49FC, 0x4900, 0x49FE, 0x4900, 0x49FE, 0x7802, 0x4AAA, 0x02AA, 0x0202, 0x000C}},
    {0x9D09, 16, {0x0040, 0xFC80, 0x09FC, 0x4904, 0x49FC, 0x4904, 0x89FC, 0xFF00, 0x19FE, 0x1900, 0x29FE, 0x2802, 0x4AAA, 0x8AAA, 0x2A02, 0x100C}},
    {0x9D28, 16, {0x0040, 0x7C80, 0x55FC, 0x5504, 0x55FC, 0x7D04, 0x55FC, 0x5500, 0x55FE, 0x7D00, 0x55FE, 0x1002, 0x12AA, 0x12AA, 0x1202, 0x100C}},
    {0x9D3B, 16, {0x0020, 0x8040, 0x40FC, 0x1F84, 0x84FC, 0x4484, 0x44FC, 0x0480, 0x24FE, 0x4480, 0xC4FE, 0x4702, 0x5CAA, 0x48AA, 0x4102, 0x000C}},
    {0x9D51, 16, {0x0040, 0xF880, 0x89FC, 0x8904, 0xF9FC, 0x0104, 0xF9FC, 0x8900, 0x89FE, 0xF900, 0x89FE, 0x8802, 0xFAAA, 0x8AAA, 0x8A02, 0x980C}},
    {0x9D6C, 16, {0x0010, 0x7720, 0x557C, 0x5544, 0x557C, 0x7744, 0x557C, 0x5540, 0x557E, 0x7740, 0x557E, 0x5502, 0x552A, 0xB52A, 0x8942, 0x130C}},
    {0x9D72, 16, {0x2820, 0x2840, 0x28FC, 0xFC84, 0x28FC, 0x2884, 0xFEFC, 0x0080, 0x7CFE, 0x4480, 0x44FE, 0x7C02, 0x44AA, 0x44AA, 0x7D02, 0x440C}},
    {0x9DB4, 16, {0x0810, 0x0820, 0x7F7C, 0x5544, 0x127C, 0x3F44, 0x647C, 0xA440, 0x3F7E, 0x2440, 0x247E, 0x3F02, 0x24AA, 0x24AA, 0x3F02, 0x200C}},
    {0x9E1E, 16, {0x2108, 0x4FD2, 0xF03C, 0x2388, 0x4812, 0xFBBE, 0x0280, 0xABAA, 0x0200, 0x1FF0, 0x1010, 0x1FF0, 0x1010, 0x1FFC, 0x5244, 0x892C}},
    {0x9E79, 16, {0x100C, 0x100A, 0x1E08, 0x10FE, 0x1088, 0xFE88, 0x92FA, 0xC68A, 0xAA8A, 0xD6EC, 0xAAAC, 0xC6AC, 0x92EA, 0xFE8A, 0x8296, 0x0122}},
    {0x9E7D, 16, {0x0100, 0xF9FE, 0xA220, 0xA43E, 0xF820, 0x8BFE, 0x8AAA, 0xFA52, 0xA326, 0xA252, 0xA2AA, 0xFBFE, 0x0000, 0x3FF8, 0x2448, 0xFFFE}},
    {0x9E7F, 16, {0x0100, 0x0080, 0x3FFE, 0x2220, 0x2220, 0x3FFC, 0x2224, 0x2224, 0x3FFC, 0x2840, 0x2844, 0x2F58, 0x4860, 0x4844, 0x8B44, 0x0C3C}},
    {0x9E92, 16, {0x0844, 0x7F44, 0x55FE, 0x5444, 0x7F44, 0x557C, 0x5544, 0x7F44, 0x547C, 0x5444, 0x5E44, 0x55FE, 0x5400, 0x5C28, 0x5644, 0x8082}},
    {0x9E96, 16, {0x0080, 0x3FFE, 0x2220, 0x3FFC, 0x2224, 0x3FFC, 0x2080, 0x3FFE, 0x2000, 0x2FF8, 0x2808, 0x2FF8, 0x2080, 0x4888, 0x5284, 0x8100}},
    {0x9E97, 16, {0x3F7E, 0x0000, 0x3E7C, 0x2244, 0x3264, 0x2B54, 0x0080, 0x3FFC, 0x2240, 0x3FF8, 0x2248, 0x3FF8, 0x2844, 0x2F78, 0x4842, 0x8F3E}},
    {0x9E9F, 16, {0x0810, 0x7F54, 0x5438, 0x54FE, 0x7F10, 0x5538, 0x5556, 0x7F90, 0x5484, 0x54EE, 0x5EA4, 0x54B4, 0x555E, 0x5C44, 0x5684, 0x8104}},
    {0x9EA5, 16, {0x0100, 0x7FFC, 0x0920, 0x0920, 0x1550, 0x2388, 0x0540, 0x0920, 0x3218, 0xC7E6, 0x0820, 0x1340, 0x0080, 0x0140, 0x0620, 0x3800}},
    {0x9EB5, 16, {0x0800, 0x08FE, 0xFF10, 0x2A20, 0x2AFE, 0x5DAA, 0x88AA, 0x1CBA, 0x2AAA, 0x50AA, 0x1EBA, 0x22AA, 0x54AA, 0x08AA, 0x14FE, 0x6082}},
    {0x9EBB, 16, {0x0100, 0x0080, 0x3FFE, 0x2210, 0x2210, 0x2210, 0x3FBE, 0x2210, 0x2610, 0x2738, 0x2AB4, 0x2A54, 0x5292, 0x4210, 0x8210, 0x0210}},
    {0x9EBC, 16, {0x0100, 0x0080, 0x3FFE, 0x2210, 0x2210, 0x2FBC, 0x2318, 0x26B4, 0x2A52, 0x2100, 0x2210, 0x27E0, 0x40C0, 0x4308, 0x8FFC, 0x0004}},
    {0x9EC3, 16, {0x0820, 0x7FFC, 0x0820, 0x0FE0, 0x0000, 0xFFFE, 0x0100, 0x1FF0, 0x1110, 0x1110, 0x1FF0, 0x1110, 0x1110, 0x1FF0, 0x0820, 0x1010}},
    {0x9ECE, 16, {0x0640, 0x387C, 0x0894, 0x7E24, 0x1C44, 0x2A94, 0x4908, 0x0280, 0x0C60, 0x3118, 0xC926, 0x0540, 0x0920, 0x1110, 0x2508, 0x0200}},
    {0x9EDE, 16, {0x0010, 0xFE10, 0x9210, 0xD610, 0xBA1E, 0x9210, 0xFE10, 0x1010, 0xFEFE, 0x1082, 0x1E82, 0xE082, 0x0282, 0xAA82, 0xA8FE, 0x8082}},
    {0x9F13, 16, {0x0810, 0x0810, 0xFF10, 0x08FE, 0x0810, 0x7E10, 0x00FC, 0x7E44, 0x4244, 0x4244, 0x7E28, 0x4228, 0x2410, 0x0F28, 0xF044, 0x4082}},
    {0x9F20, 16, {0x0600, 0x38F8, 0x2008, 0x3EF8, 0x2008, 0x2008, 0x3FF8, 0x0000, 0x2948, 0x2528, 0x2108, 0x2948, 0x252A, 0x210A, 0x2D66, 0x3182}},
    {0x9F8D, 16, {0x1040, 0x0840, 0x7E7E, 0x2440, 0x187E, 0xFF02, 0x007E, 0x7E40, 0x427E, 0x7E40, 0x427E, 0x7E40, 0x427E, 0x4240, 0x4A42, 0x443E}},
    {0xFF08, 16, {0x0000, 0x0010, 0x0020, 0x0040, 0x0080, 0x0080, 0x0100, 0x0100, 0x0100, 0x0100, 0x0080, 0x0080, 0x0040, 0x0020, 0x0010, 0x0000}},
    {0xFF09, 16, {0x0000, 0x1000, 0x0800, 0x0400, 0x0200, 0x0200, 0x0100, 0x0100, 0x0100, 0x0100, 0x0200, 0x0200, 0x0400, 0x0800, 0x1000, 0x0000}},
    {0xFF0C, 16, {0x0000, 0x0000, 0x0000, 0x0000, 0x0000, 0x0000, 0x0000, 0x0000, 0x0000, 0x0000, 0x0C00, 0x0C00, 0x0400, 0x0400, 0x0800, 0x0000}},
    {0xFF0D, 16, {0x0000, 0x0000, 0x0000, 0x0000, 0x0000, 0x0000, 0x0000, 0x0000, 0x3FF8, 0x0000, 0x0000, 0x0000, 0x0000, 0x0000, 0x0000, 0x0000}},
    {0xFF0E, 16, {0x0000, 0x0000, 0x0000, 0x0000, 0x0000, 0x0000, 0x0000, 0x0000, 0x0000, 0x0000, 0x0000, 0x0000, 0x0C00, 0x0C00, 0x0000, 0x0000}},
    {0xFF0F, 16, {0x0000, 0x0002, 0x0004, 0x0008, 0x0010, 0x0020, 0x0040, 0x0080, 0x0100, 0x0200, 0x0400, 0x0800, 0x1000, 0x2000, 0x4000, 0x0000}},
    {0xFF1A, 16, {0x0000, 0x0000, 0x0000, 0x0000, 0x0000, 0x0600, 0x0600, 0x0000, 0x0000, 0x0000, 0x0600, 0x0600, 0x0000, 0x0000, 0x0000, 0x0000}},
    {0xFF1B, 16, {0x0000, 0x0000, 0x0000, 0x0000, 0x0000, 0x0600, 0x0600, 0x0000, 0x0000, 0x0000, 0x0600, 0x0600, 0x0200, 0x0200, 0x0400, 0x0000}},
    {0xFF1F, 16, {0x0000, 0x0000, 0x07C0, 0x0820, 0x1010, 0x0010, 0x0020, 0x00C0, 0x0100, 0x0100, 0x0000, 0x0000, 0x0100, 0x0100, 0x0000, 0x0000}},
};

const size_t kUnifontGlyphCount = sizeof(kUnifontGlyphs) / sizeof(kUnifontGlyphs[0]);
